Title,URL
애크로뱃 PPT PDF 변환 기능으로 대학발표자료준비하기,https://blog.naver.com/soary81/223772587906
발음 교정으로발표준비완벽하게,https://blog.naver.com/haofiz/223796686958
포항 농막 설치 새롭게 신제품발표 준비중,https://blog.naver.com/cjh9435/223793882874
청년전용창업자금발표준비및 사례 여러분도 가능합니다,https://blog.naver.com/bizupjhk2515/223417365822
[Canva x 생성형 AI] 포럼 영어발표 준비!,https://blog.naver.com/ruma012/223599514366
갑작스러운발표요청이 들어왔을 때 빠르게준비하는 방법은?,https://blog.naver.com/hufshans/223766950123
한국전력기술 면접 학원 종합면접발표면접준비,https://blog.naver.com/dkfjgb1657/223657286121
"카이스트 PMBA 2024학년도 겨울학기 4주 차, 누가 국내 MBA를 술 먹고 노는 곳이라 했나? 생각보다 빡센 경영 케이스발표 준비!",https://blog.naver.com/kupaksa/223728255972
학술대회발표 준비! 걱정 없어요! 건대영어회화 예리엘잉글리쉬 건대광진점 수강 후기!,https://blog.naver.com/zimpu/223797954962
또 영어 발표! 캐나다 봄방학 1박 2일 트립발표 준비,https://blog.naver.com/canadatems/223782773189
2023 새별 엄선 깔끔한 PPT 템플릿 35종 모음 (무료 피피티 템플릿),https://post.naver.com/viewer/postView.naver?volumeNo=36011363&memberNo=6532296&vType=VERTICAL
2025 가천대 추가모집 충원합격자발표와 약술형 논술준비,https://blog.naver.com/peacell/223778057520
최종면접 합격을 위한발표 준비법,https://blog.naver.com/spite72e/223788537643
"편입 시험 과목, 일정, 전형, 결과발표,준비꿀팁까지!",https://blog.naver.com/hackersut123/223745812042
2025 수시 합격자발표 준비잘하고 있나요?,https://blog.naver.com/no1kwangwoon/223601910252
강연섭외 미키김 강연 '발표 준비의 모든 것!' 강사소개,https://blog.naver.com/thswlsdn77/223484049257
대학 수시 합격발표앞두고준비하자,https://blog.naver.com/airkstc/223650960395
한국 전통무용발표당일준비,https://blog.naver.com/kjlee52/223678716645
정시 결과발표2025 이제준비는 이렇게,https://blog.naver.com/park2zero/223734317264
"초등학교 1학년발표숙제, 위대한 인물들 숙제준비와 해보니 좋았던 점",https://blog.naver.com/dkfehdqkd/223607076803
완벽하게준비할수록발표불안은 심해진다,https://blog.naver.com/park_guide/223449282881
[극효율충 대딩의발표 준비하기] ChatGPT와 Gamma 사용하기,https://blog.naver.com/yetmeaningful/223798049496
JLPT (일본어능력시험) N5 성적발표& N4준비,https://blog.naver.com/jinmanii/223744345643
지속가능발전 동아리 지원사업발표대회준비,https://blog.naver.com/hana3688/223730129358
이랜드 킴스클럽 영업관리 인턴 마지막!! -발표 준비와 발표 그리고 이별,https://blog.naver.com/hongrok99/223773631077
5분 연설(말하기)발표 준비하기,https://blog.naver.com/chi2617/223758313403
직무수행계획서발표면접준비,https://blog.naver.com/smiley2k/223710271662
팝송을 듣고발표 준비를 위한 리스닝,https://blog.naver.com/homeandtown/223582109695
여행영어 스피킹 실력을 향상시킬발표준비방법,https://blog.naver.com/pw_eng/223526587440
"[키즈스피치] 초등학교 임원선거준비하기. 연설,발표잘하는 방법",https://blog.naver.com/jihyespeech/223379457285
"[어썸 코멘트] 마소 '양자준비'발표!! 리게티 컴퓨팅, 디 웨이브 퀀텀 급등... 어썸포트 대응 전략",https://blog.naver.com/alloga/223727208587
새학년준비! 초등학생발표횟수 3년 새 5배 증가했다는데...,https://blog.naver.com/i-speech/223762324504
생활 속발표 준비와 문법 연습이 필요한 이유,https://blog.naver.com/steamdoa/223638519570
"연구실 일상/ 과제에 치이고, 미팅에 눌리고,발표 준비에 밟히고.ㅠ",https://blog.naver.com/seeun80/223775896739
다양한 방법으로 학습하며 언어교환을 통해발표 준비를 완벽히,https://blog.naver.com/soulsmatess/223530909245
[잡담] 일단발표 준비는 끝낸 잡담,https://blog.naver.com/jjggrr202/223553679968
국제학술대회 영어논문발표준비,https://blog.naver.com/paris_sydney/223584569224
"(조선) CMA CGM, 트럼프가 '세계에서 가장 큰 선단'발표를준비함에 따라 미국 투자 약속_TradeWinds",https://blog.naver.com/saentis/223787058721
"2024.6.11 한전기즐원 6학년 67일차 - 미술수업, 그림책만들기 프로젝트(김황작가와의 만남), 앎삶터프로젝트(지식시장발표준비)",https://blog.naver.com/jun71200/223476412088
"발표준비의 핵심, 인터넷강의의 장점과 효과를 알아보자.",https://blog.naver.com/kkttopop/223579194608
[교육 외교] 글로벌 교육 사례발표 준비,https://blog.naver.com/yunasc/223521709343
A+ 과제를 위한 효과적인발표 준비방법 (Feat. 깔끔한 PPT 무료 템플릿),https://blog.naver.com/brother_korea/223471697163
박사학위논문 1차발표 준비(feat. 나른한 오후의 이런저런 생각),https://blog.naver.com/love_adorable/223387269239
"[동서대] 2023-2 일본 SAP_14 / 경제 수업발표 준비, 일본에서 눈사람 만들기",https://blog.naver.com/imdongseo/223299814088
2025 계리직 공무원 시험일정발표! 과목별준비방법,https://blog.naver.com/eduwill_good/223649605185
2024 청소년상담사 3급 합격률 합격자발표면접 지금부터준비,https://blog.naver.com/wowfessor/223651076954
"2025 중등교사 임용고시 일정, 합격자발표, 2차 시험준비방법 확인하세요",https://arnoldgrove.tistory.com/1746
2025 농협대 면접준비1차발표후 이렇게 합시다.,https://blog.naver.com/greennamou/223731770175
11일차_발표 준비_유데미x스나이퍼팩토리 UI/UX 인턴형 프로그램 6기,https://blog.naver.com/abr0402/223628632780
iCRS2023발표 준비,https://blog.naver.com/snu_seoul_surgery/223186245387
발표행사_2025 규제자유특구 맞춤형 정책설명회,https://blog.naver.com/janchi2021/223795905443
"일대일수업_ 직장인 스피치고민,발표준비도와드립니다:)",https://blog.naver.com/yeonjin_ellie/222690561691
"요양 보호사 시험발표, 합격 확인 방법과 자격증 발급 절차 바로 알아보세요",https://theiamstory.tistory.com/1644
한국교육개발원 면접 후기 기출 컨설팅 PT발표 준비,https://blog.naver.com/my_mentor_/223728543333
한국원자력안전기술원 전공면접 PPT 개별발표 준비학원 후기,https://blog.naver.com/pass_job/223757958132
"영어 면접, 영어발표 준비컨설팅 전문 수원 일대일 성인 영어학원",https://blog.naver.com/idocn/223293810418
[1-2] 통대일상 | 14주차 순차통역 수업 종강! 시사발표 준비,https://blog.naver.com/neutrozinaa/223307481961
"발표, 과제, 번역까지! AI NOVA 신규 기능으로 해결하세요!",https://blog.naver.com/polarisoffice_kr/223787793742
와세다대학 석사 학위 논문 공개심사발표 준비,https://blog.naver.com/bonggil0829/223789117433
한국고용정보원 면접 기출 후기발표PT 1차 2차 한고원,https://blog.naver.com/kimswmiri/223793321406
250313/ ⚠️⚠️⚠️발표와 맥도날드☕️ + 화이트데이 + 서울집값,https://blog.naver.com/yusongssam/223795060423
인테리어 회사 직장인 분 대상으로 진행한 PPT발표활용 방법과 Q&A 진행법 강남 스피치 코칭,https://blog.naver.com/domeisler/223787107331
"회사발표PPT 템플릿 활용법, 디자인 요소 및 필수 구성 요소 확인하기",https://cantaloupe.tistory.com/1492
"비즈니스 파워포인트 템플릿,발표퀄리티를 높이는 비결!",https://blog.naver.com/myna100/223764646436
[미키피디아]발표 준비의 모든 것,https://blog.naver.com/daily_seol_/223737273607
산업안전기사 필기 시험 합격점수발표-준비시간 3일 5시간 투자의 합격 성적 캡처,https://blog.naver.com/disaster-manager/223799940066
"강의or발표 준비꿀팁! 보고 또 보는 나만의 강의 책자 만들기, PPT '슬라이드 노트'로 인쇄하기",https://blog.naver.com/sunshine_seul/223799428457
발표 준비,https://blog.naver.com/sswsm/223782346913
"싱가포르 학회준비(1) - 국제학회 일정, 논문 제출,발표승인",https://blog.naver.com/minyeolsan/223786715668
캡스톤디자인 조별발표를 위한준비를 시작합니다,https://blog.naver.com/kshwa08/223797731686
파워포인트 체험판으로 완벽한발표 준비하기,https://blog.naver.com/idwhat13233/223761319688
대전교통공사면접 PT발표경험 기출문제준비,https://blog.naver.com/mr_bank/223667145346
학부연구생 후기 2) 인턴 1달차와 논문발표준비,https://blog.naver.com/furiousnight/223756955139
발표 준비의 중요성,https://blog.naver.com/consistk9ar/223791691167
발표 준비꿀팁: AI로 PPT 만들기 미리캔버스 AI 프레젠테이션,https://blog.naver.com/behappy709/223762418621
"직장인 PT발표 준비, 라이프스피치학원에서 자신감을 키우세요",https://blog.naver.com/one9066/223771658451
PPT발표대본준비자동 완성 해주는 플랫폼,https://blog.naver.com/woongcaptain/223691368205
첫!!! 대학원 학회발표및준비과정,https://blog.naver.com/hisher22/223663667841
캡스톤디자인발표 준비를 위한 팁,https://blog.naver.com/suhwecm/223766556204
학예회 마술발표 준비방법,https://blog.naver.com/trip_n_show/223668217609
경쟁 PT에서 성공하기 위한 전략 라이프 면접스피치학원의 전문적발표 준비법,https://blog.naver.com/constitute10194/223781935366
"청년창업사관학교발표 준비컨설팅 후기, 발표 잘하는 법",https://blog.naver.com/surely_bitnaly/223794972588
학술대회발표 준비,https://blog.naver.com/sco4544/223754337444
나의 완벽한 비서?? 놉!! 완벽한 ★발표 준비★,https://blog.naver.com/uro4434i4/223753365044
자신감을 높이는발표 준비법,https://blog.naver.com/pennywa7/223786679033
발표전 필수 체크리스트 완벽한준비를 위한 가이드,https://blog.naver.com/xavudtzjseg/223771293104
[한국농어촌공사 면접준비] 행정(경상)·토목 PT발표+인성 후기/기출 예상질문,https://blog.naver.com/hellstudy/223659064289
"PPT 발표, 이제 걱정 끝! 미스터피피티 템플릿으로발표 준비완벽하게 끝내자!",https://blog.naver.com/techroutine/223761670751
발표 준비의 중요성 자신감을 높이는 방법,https://blog.naver.com/asvodvdou/223775606525
한국언론진흥재단 면접 평가기준 분석 + 기업분석 요약 (발표면접준비전략),https://blog.naver.com/dangtalkcorp/223794028145
노인 사회 복지 PPT 테마발표 준비할 때도 좋아요!,https://blog.naver.com/ppt-market/223762722598
야근 투혼으로준비한 첫발표를 호로록 망친 레니저 일기,https://blog.naver.com/rabbitbag/223737991268
"마음이 정해지니 길이 보였다, 돌봄 공동체발표 준비과정",https://blog.naver.com/happysunmi2022/223792561768
"2025 현대자동차 생산직 인적성검사발표후 1차면접준비, 기출 질문",https://blog.naver.com/ve_getable/223769389484
2025 좋은체육 수업 나눔 연구회 갈라쇼발표 준비,https://blog.naver.com/blueatschool/223758530253
정책대출 신청 - 청년창업자금대출 - 3 -발표준비,https://blog.naver.com/want_it_get_more/223767073149
R&D과제(알앤디)발표평가준비요령 풀리드가 알드릴께요-!!,https://blog.naver.com/fulllead2022/223793386853
현대엔지니어링 면접 후기 PT발표BEI 1차면접준비학원,https://blog.naver.com/dldbwls8315/223632902019
"성공적인발표 준비를 위한 AI 도구, 프레젠테이션 자동화 Gamma.app",https://blog.naver.com/howto0353/223593751474
무료ppt템플릿 활용법 효과적으로발표 준비하기,https://blog.naver.com/sorry91508/223767730605
[디지털 마케터 취업준비] 도와세움 디마에 77기_ 8주차_2::1-2차발표 준비중/ 일러스트,https://blog.naver.com/hee_tyann/223786288854
발표준비,https://blog.naver.com/sodakkyu/223798721801
25년 예비창업패키지 정부지원금 조건 신청방법 사업계획서발표준비,https://blog.naver.com/hsio57/223766267658
"포천시, 2024년 농업인대학 운영 성과발표 준비박차",https://blog.naver.com/kunitachii/223743775011
"2025년 신창사(신사업창업사관학교'서류 합격자'분들! 저와 함께 발표 전형 준비해요신창사 발표 스크립트 작성 및 검토, PPT 준비 및발표 준비노하우까지!",https://blog.naver.com/growmaker/223794433722
11월 13일 수요일 (국어:발표수업준비/ 사회: 세계 지도 비판적으로 보기),https://blog.naver.com/yeast_sophia/223703491047
뤼튼 AI 발표대본 클릭만 하면 자동으로 완성발표준비끝,https://blog.naver.com/gounbook/223688731738
엉엉발표 준비하기 싫은 사람의 일상,https://blog.naver.com/mogujung1709/223644481543
"주제탐구와발표 준비, 후곡점",https://blog.naver.com/dldmaquf30/223694328423
2025캐나다 워킹홀리데이준비- 프로파일 인비발표,https://blog.naver.com/freea0408/223725872227
"강의ppt,발표ppt준비부터 완성까지",https://blog.naver.com/well0240/223660966506
[2024.09.16~09.25]발표 준비로 가득했던 연휴,https://blog.naver.com/potadoo___310/223592636476
대구스피치강사섭외 복지센터발표 준비를 위한 강의,https://blog.naver.com/vita-minjin/223725837334
초등 전교 임원선거 스피치발표 준비수업! 회장 부회장,https://blog.naver.com/honeyspeech/223706968832
목소리와 발음 개선을 위한발표 준비팁,https://blog.naver.com/meat1936/223754846182
레포트발표 준비효과적인 커뮤니케이션 기술,https://blog.naver.com/yoqwoez/223765911848
발표공포증 극복을 위한발표 준비체크리스트,https://blog.naver.com/davmall/223626999072
"트럼프, 철강·알루미늄 25% 관세 예고…상호관세도발표 준비",https://blog.naver.com/todaynewspaper/223766954474
"발표불안 극복과 자신감 있는 면접준비, 라이프 면접스피치학원에서 해결하세요!",https://blog.naver.com/dense10759/223759304065
발표준비이렇게 시작하자,https://blog.naver.com/ozcqske1/223755381463
발표 불안 극복하기 효과적인발표 준비법과 서울면접학원에서 배울 수 있는 스피치 기술,https://blog.naver.com/fare6390/223763389625
"Did you prepare your presentation? /발표 준비했어? - #28 영어 활용! 초등학교 4,5,6학년 - 원포",https://blog.naver.com/stylepoint00/223756075777
"[미국여행] -발표준비안하고 샌프란시스코 여행 (금문교, 알카트라즈, 소살리토, 롬바드스트릿, 버클리, 트윈픽스, 피어39)",https://blog.naver.com/montbanc_/223765476822
"성공적인발표 준비를 위한 종합 솔루션, 행복한교육!",https://blog.naver.com/wjdtnsla3/223682339342
"논문발표 준비방법, 논문을 돋보이게 하는 PPT 제작 핵심 팁!",https://blog.naver.com/datapreprep/223755804721
최종 점검: 성공적인발표를 위한준비,https://blog.naver.com/pond4163/223757990123
방통대 + 컨퍼런스발표준비+ 서점 프로젝트,https://blog.naver.com/98_xoxo/223781568460
"프리젠테이션 제작, 성공적인발표를 위한 완벽한준비법",https://blog.naver.com/yedq0601/223745855902
PPT템플릿으로 효과적인발표 준비하기,https://blog.naver.com/ghegu/223756756709
아이들과 함께하는 영어발표 준비!,https://blog.naver.com/katenglish00/223679565143
"불신의 시대, AI에게 정치를? AI의 도덕적, 법적 지위의 문제_발표 준비중",https://blog.naver.com/runforj/223772829785
[마케팅 부트캠프/퍼포먼스 마케터 취업준비] 도와세움 디마에 77기 8주차(2) : 효개프 2차발표와 멋진 우리,https://blog.naver.com/sunday_zy/223787410910
[수성구 범어동 중등미술 까메오] 학생들이 직접준비한 서양미술사발표수업,https://blog.naver.com/ccamcca/223749335065
뤼튼 AI 이제 발표대본발표준비도움까지!,https://blog.naver.com/moonnufo/223692851705
사회(민주주의의 발전과 시민 참여) 구글 프레젠테이션발표,https://blog.naver.com/intothelee/223799806845
저발표1등했어요. (10만원 get),https://blog.naver.com/kim_cheese_v/223793922825
"일본어 문법 시험, 만든 신문발표, 가라오케 방문",https://blog.naver.com/ichigo-5976/223795215453
