title,link
2025년 논산 딸기 축제 날짜는 언제에요,https://kin.naver.com/qna/detail.naver?d1id=12&dirId=121503&docId=469061279&qb=67Cc7ZGcIOykgOu5hA==&enc=utf8
2025년 사회복지사 1급 합격률?,https://kin.naver.com/qna/detail.naver?d1id=6&dirId=6100105&docId=481840210&qb=67Cc7ZGcIOykgOu5hA==&enc=utf8
배화여대 수시 접수 기간,https://kin.naver.com/qna/detail.naver?d1id=11&dirId=110408&docId=483251449&qb=67Cc7ZGcIOykgOu5hA==&enc=utf8
배재대학교 편입 질문,https://kin.naver.com/qna/detail.naver?d1id=11&dirId=110503&docId=483251301&qb=67Cc7ZGcIOykgOu5hA==&enc=utf8
Bmw x1 차량 egr밸브 사설수리,https://kin.naver.com/qna/detail.naver?d1id=8&dirId=8110301&docId=483249277&qb=67Cc7ZGcIOykgOu5hA==&enc=utf8
메이크업.특수분장 대학입시 포트폴리오 어떻게 만드나요,https://kin.naver.com/qna/detail.naver?d1id=11&dirId=11050405&docId=483078472&qb=67Cc7ZGcIOykgOu5hA==&enc=utf8
30년 전 아동 전집 제목을 찾고 있어요,https://kin.naver.com/qna/detail.naver?d1id=6&dirId=6100105&docId=483243747&qb=67Cc7ZGcIOykgOu5hA==&enc=utf8
자퇴후 수능,https://kin.naver.com/qna/detail.naver?d1id=11&dirId=110503&docId=483250387&qb=67Cc7ZGcIOykgOu5hA==&enc=utf8
연극영화과,https://kin.naver.com/qna/detail.naver?d1id=3&dirId=308&docId=483119010&qb=67Cc7ZGcIOykgOu5hA==&enc=utf8
밥먹기 전과 후 어지러움,https://kin.naver.com/qna/detail.naver?d1id=7&dirId=70108&docId=483188777&qb=67Cc7ZGcIOykgOu5hA==&enc=utf8
고3 ADHD,https://kin.naver.com/qna/detail.naver?d1id=8&dirId=8010501&docId=483133399&qb=67Cc7ZGcIOykgOu5hA==&enc=utf8
컴퓨터활용능력 시험 접수,https://kin.naver.com/qna/detail.naver?d1id=1&dirId=111&docId=419674147&qb=67Cc7ZGcIOykgOu5hA==&enc=utf8
임상병리학과 해부병리학 공부할 수 있나요?,https://kin.naver.com/qna/detail.naver?d1id=11&dirId=111604&docId=483248328&qb=67Cc7ZGcIOykgOu5hA==&enc=utf8
공부 동기부여 좀 해주세요 제발요,https://kin.naver.com/qna/detail.naver?d1id=11&dirId=11080106&docId=482882702&qb=67Cc7ZGcIOykgOu5hA==&enc=utf8
한국철도공사 면접학원,https://kin.naver.com/qna/detail.naver?d1id=11&dirId=110704&docId=361062409&qb=67Cc7ZGcIOykgOu5hA==&enc=utf8
진해군항제 가보신분?,https://kin.naver.com/qna/detail.naver?d1id=12&dirId=121008&docId=483016813&qb=67Cc7ZGcIOykgOu5hA==&enc=utf8
공부 너무 못해서 자퇴고민 (고교학점제),https://kin.naver.com/qna/detail.naver?d1id=11&dirId=110407&docId=483200223&qb=67Cc7ZGcIOykgOu5hA==&enc=utf8
합격자발표 사주,https://kin.naver.com/qna/detail.naver?d1id=3&dirId=31501&docId=483238052&qb=67Cc7ZGcIOykgOu5hA==&enc=utf8
호주 대학교 디플로마 과정 질문,https://kin.naver.com/qna/detail.naver?d1id=11&dirId=110602&docId=483130217&qb=67Cc7ZGcIOykgOu5hA==&enc=utf8
관크에 관련된 도서 추천,https://kin.naver.com/qna/detail.naver?d1id=11&dirId=11080106&docId=483244600&qb=67Cc7ZGcIOykgOu5hA==&enc=utf8
9급 국가공무원은 시험 어디서 보나요?,https://kin.naver.com/qna/detail.naver?d1id=4&dirId=40601&docId=483240452&qb=67Cc7ZGcIOykgOu5hA==&enc=utf8
전기오토바이 보조금,https://kin.naver.com/qna/detail.naver?d1id=8&dirId=8110105&docId=481302254&qb=67Cc7ZGcIOykgOu5hA==&enc=utf8
독서할때 집중이 너무 안 돼요,https://kin.naver.com/qna/detail.naver?d1id=11&dirId=1111&docId=483227035&qb=67Cc7ZGcIOykgOu5hA==&enc=utf8
고3 자퇴 검정고시,https://kin.naver.com/qna/detail.naver?d1id=11&dirId=1121&docId=483242870&qb=67Cc7ZGcIOykgOu5hA==&enc=utf8
09 고1 자퇴 고민,https://kin.naver.com/qna/detail.naver?d1id=11&dirId=110407&docId=483238219&qb=67Cc7ZGcIOykgOu5hA==&enc=utf8
일본 유학,https://kin.naver.com/qna/detail.naver?d1id=11&dirId=1106&docId=483229828&qb=67Cc7ZGcIOykgOu5hA==&enc=utf8
고등학교 내신,https://kin.naver.com/qna/detail.naver?d1id=11&dirId=1104&docId=483240435&qb=67Cc7ZGcIOykgOu5hA==&enc=utf8
한국장학재단 국가근로장학금,https://kin.naver.com/qna/detail.naver?d1id=4&dirId=410&docId=481357704&qb=67Cc7ZGcIOykgOu5hA==&enc=utf8
국가근로장학금 학업시간표 관리,https://kin.naver.com/qna/detail.naver?d1id=11&dirId=110505&docId=482979096&qb=67Cc7ZGcIOykgOu5hA==&enc=utf8
데이식스 10주년 완전체,https://kin.naver.com/qna/detail.naver?d1id=3&dirId=30215&docId=483210564&qb=67Cc7ZGcIOykgOu5hA==&enc=utf8
라이즈 콘서트,https://kin.naver.com/qna/detail.naver?d1id=3&dirId=30215&docId=483200889&qb=67Cc7ZGcIOykgOu5hA==&enc=utf8
어떤 학과랑 대학이 더 나을까요?ㅜㅜ,https://kin.naver.com/qna/detail.naver?d1id=11&dirId=110408&docId=483236490&qb=67Cc7ZGcIOykgOu5hA==&enc=utf8
2028 수능 예체능계열 질문,https://kin.naver.com/qna/detail.naver?d1id=11&dirId=11050405&docId=483082893&qb=67Cc7ZGcIOykgOu5hA==&enc=utf8
공무원 시험 국사가 바뀐다는데 ?,https://kin.naver.com/qna/detail.naver?d1id=4&dirId=40601&docId=483232220&qb=67Cc7ZGcIOykgOu5hA==&enc=utf8
체면유지원리 공손성의 원리 협력의 원리 순서교대의 원리,https://kin.naver.com/qna/detail.naver?d1id=11&dirId=1114&docId=483230252&qb=67Cc7ZGcIOykgOu5hA==&enc=utf8
외고 생기부에 들어갈 인간관계에 관련한 불어책 추천,https://kin.naver.com/qna/detail.naver?d1id=11&dirId=110806&docId=483229820&qb=67Cc7ZGcIOykgOu5hA==&enc=utf8
사회조사분석사 2급,https://kin.naver.com/qna/detail.naver?d1id=11&dirId=1128&docId=481440097&qb=67Cc7ZGcIOykgOu5hA==&enc=utf8
현 07년생 카투사 입대 조건,https://kin.naver.com/qna/detail.naver?d1id=6&dirId=6030201&docId=481344212&qb=67Cc7ZGcIOykgOu5hA==&enc=utf8
카투사 지원방법,https://kin.naver.com/qna/detail.naver?d1id=6&dirId=603&docId=466958857&qb=67Cc7ZGcIOykgOu5hA==&enc=utf8
카투사 지원,https://kin.naver.com/qna/detail.naver?d1id=6&dirId=60301&docId=481258350&qb=67Cc7ZGcIOykgOu5hA==&enc=utf8
카투사 지원 조건?,https://kin.naver.com/qna/detail.naver?d1id=6&dirId=60403&docId=482668802&qb=67Cc7ZGcIOykgOu5hA==&enc=utf8
이공계 대학원이 박사과정 강의 난이도,https://kin.naver.com/qna/detail.naver?d1id=11&dirId=1105&docId=481512279&qb=67Cc7ZGcIOykgOu5hA==&enc=utf8
발표공포증 극복 치료? (오창 발표공포증),https://kin.naver.com/qna/detail.naver?d1id=7&dirId=70305&docId=483225337&qb=67Cc7ZGcIOykgOu5hA==&enc=utf8
지역인재 공무원 한국사 시험,https://kin.naver.com/qna/detail.naver?d1id=4&dirId=40601&docId=483149227&qb=67Cc7ZGcIOykgOu5hA==&enc=utf8
특성화고에서 항공과 대학교,https://kin.naver.com/qna/detail.naver?d1id=11&dirId=110408&docId=483213991&qb=67Cc7ZGcIOykgOu5hA==&enc=utf8
대표님과 회의,https://kin.naver.com/qna/detail.naver?d1id=8&dirId=814&docId=483220194&qb=67Cc7ZGcIOykgOu5hA==&enc=utf8
일본 유학을 가고싶은데 부모님 설득을 어떻게 할까요?,https://kin.naver.com/qna/detail.naver?d1id=11&dirId=110602&docId=482943565&qb=67Cc7ZGcIOykgOu5hA==&enc=utf8
사회 수행 평가 준비,https://kin.naver.com/qna/detail.naver?d1id=11&dirId=110410&docId=483219778&qb=67Cc7ZGcIOykgOu5hA==&enc=utf8
힐스테이트 광교중앙역 퍼스트 무순위/계약취소 둘다 신청,https://kin.naver.com/qna/detail.naver?d1id=4&dirId=40203&docId=483163426&qb=67Cc7ZGcIOykgOu5hA==&enc=utf8
힐스테이트 광교중앙역퍼스트,https://kin.naver.com/qna/detail.naver?d1id=12&dirId=12130146&docId=483091480&qb=67Cc7ZGcIOykgOu5hA==&enc=utf8
일본 유학준비 학교 조퇴,https://kin.naver.com/qna/detail.naver?d1id=11&dirId=11080407&docId=483209780&qb=67Cc7ZGcIOykgOu5hA==&enc=utf8
휘발유 승용차 조기폐차 보조금(대전),https://kin.naver.com/qna/detail.naver?d1id=5&dirId=50703&docId=480748085&qb=67Cc7ZGcIOykgOu5hA==&enc=utf8
일본 유학으로 갈 대학 추천,https://kin.naver.com/qna/detail.naver?d1id=11&dirId=110602&docId=483214229&qb=67Cc7ZGcIOykgOu5hA==&enc=utf8
레포트 작성 질문,https://kin.naver.com/qna/detail.naver?d1id=4&dirId=40602&docId=483180073&qb=67Cc7ZGcIOykgOu5hA==&enc=utf8
감정평가사시험과목은 어떤것들이 있나요?,https://kin.naver.com/qna/detail.naver?d1id=4&dirId=40602&docId=480716961&qb=67Cc7ZGcIOykgOu5hA==&enc=utf8
일본어학과 질문드립니다,https://kin.naver.com/qna/detail.naver?d1id=11&dirId=11080407&docId=483217225&qb=67Cc7ZGcIOykgOu5hA==&enc=utf8
2025 청년월세지원 서울,https://kin.naver.com/qna/detail.naver?d1id=4&dirId=4020202&docId=482633424&qb=67Cc7ZGcIOykgOu5hA==&enc=utf8
하.. 어카쥬 고민상담좀요..,https://kin.naver.com/qna/detail.naver?d1id=6&dirId=61303&docId=483191976&qb=67Cc7ZGcIOykgOu5hA==&enc=utf8
고등학교 조기유학 미국 VS 캐나다,https://kin.naver.com/qna/detail.naver?d1id=11&dirId=110601&docId=482951365&qb=67Cc7ZGcIOykgOu5hA==&enc=utf8
방송부 면접 멘트 이거 좋을까요,https://kin.naver.com/qna/detail.naver?d1id=13&dirId=130107&docId=483199506&qb=67Cc7ZGcIOykgOu5hA==&enc=utf8
고2인데요,https://kin.naver.com/qna/detail.naver?d1id=11&dirId=110601&docId=483130948&qb=67Cc7ZGcIOykgOu5hA==&enc=utf8
중국입국금지 상태인데 대만여행은 가능할까요,https://kin.naver.com/qna/detail.naver?d1id=4&dirId=40310&docId=483212720&qb=67Cc7ZGcIOykgOu5hA==&enc=utf8
KBS 성우 공채시험 단계가 어떻게되나요?,https://kin.naver.com/qna/detail.naver?d1id=4&dirId=40605&docId=482923806&qb=67Cc7ZGcIOykgOu5hA==&enc=utf8
인천 천원주택 신청하려는데 이것도 청약통장,https://kin.naver.com/qna/detail.naver?d1id=4&dirId=40203&docId=483054454&qb=67Cc7ZGcIOykgOu5hA==&enc=utf8
용기를 주세요,https://kin.naver.com/qna/detail.naver?d1id=8&dirId=814&docId=483209982&qb=67Cc7ZGcIOykgOu5hA==&enc=utf8
도와주세요 선생님 !!,https://kin.naver.com/qna/detail.naver?d1id=4&dirId=40612&docId=483206615&qb=67Cc7ZGcIOykgOu5hA==&enc=utf8
검정고시 2025 2차 수시 지원,https://kin.naver.com/qna/detail.naver?d1id=11&dirId=110704&docId=483208509&qb=67Cc7ZGcIOykgOu5hA==&enc=utf8
과학(실험)대회에 대하여,https://kin.naver.com/qna/detail.naver?d1id=11&dirId=110204&docId=483208882&qb=67Cc7ZGcIOykgOu5hA==&enc=utf8
국내 상장 해외 s&p500,https://kin.naver.com/qna/detail.naver?d1id=4&dirId=40102&docId=483184538&qb=67Cc7ZGcIOykgOu5hA==&enc=utf8
입시미술 모작하면 도움 될까요,https://kin.naver.com/qna/detail.naver?d1id=11&dirId=110405&docId=482816144&qb=67Cc7ZGcIOykgOu5hA==&enc=utf8
중3 고등학교 입학 관련 질문,https://kin.naver.com/qna/detail.naver?d1id=11&dirId=110208&docId=483201221&qb=67Cc7ZGcIOykgOu5hA==&enc=utf8
가지고있는 주식이 나스닥에,https://kin.naver.com/qna/detail.naver?d1id=4&dirId=40102&docId=483136226&qb=67Cc7ZGcIOykgOu5hA==&enc=utf8
호주 대학교 디플로마 과정 질문!,https://kin.naver.com/qna/detail.naver?d1id=11&dirId=110602&docId=483170597&qb=67Cc7ZGcIOykgOu5hA==&enc=utf8
보건행정공무원 7급 질문,https://kin.naver.com/qna/detail.naver?d1id=4&dirId=40601&docId=483205476&qb=67Cc7ZGcIOykgOu5hA==&enc=utf8
호주 대학 학사,https://kin.naver.com/qna/detail.naver?d1id=11&dirId=110602&docId=483160437&qb=67Cc7ZGcIOykgOu5hA==&enc=utf8
고3 12일째 재학중인데 위탁 가능할까요?,https://kin.naver.com/qna/detail.naver?d1id=4&dirId=40605&docId=483166206&qb=67Cc7ZGcIOykgOu5hA==&enc=utf8
자퇴하고 일본 유학,https://kin.naver.com/qna/detail.naver?d1id=11&dirId=110602&docId=483200330&qb=67Cc7ZGcIOykgOu5hA==&enc=utf8
오늘부터 꽃샘추위인가요?,https://kin.naver.com/qna/detail.naver?d1id=8&dirId=815&docId=483194353&qb=67Cc7ZGcIOykgOu5hA==&enc=utf8
날씨질문이요,https://kin.naver.com/qna/detail.naver?d1id=8&dirId=815&docId=483194530&qb=67Cc7ZGcIOykgOu5hA==&enc=utf8
할머니 식도암 시술 후 뼈로 암 전이,https://kin.naver.com/qna/detail.naver?d1id=7&dirId=70117&docId=445549801&qb=67Cc7ZGcIOykgOu5hA==&enc=utf8
긴장 시 심한 몸 떨림,https://kin.naver.com/qna/detail.naver?d1id=7&dirId=70108&docId=483199129&qb=67Cc7ZGcIOykgOu5hA==&enc=utf8
목에 이물감이 계속되는데 식도암이나 바렛식도 ?,https://kin.naver.com/qna/detail.naver?d1id=7&dirId=7010102&docId=480482189&qb=67Cc7ZGcIOykgOu5hA==&enc=utf8
군산 2025년이나 2026년 청소년특별지원 월세지원,https://kin.naver.com/qna/detail.naver?d1id=6&dirId=6100105&docId=483200443&qb=67Cc7ZGcIOykgOu5hA==&enc=utf8
고등학교 영어시간,https://kin.naver.com/qna/detail.naver?d1id=11&dirId=11080308&docId=483196726&qb=67Cc7ZGcIOykgOu5hA==&enc=utf8
2025 서울 청년월세지원 기간,https://kin.naver.com/qna/detail.naver?d1id=4&dirId=4020202&docId=483150004&qb=67Cc7ZGcIOykgOu5hA==&enc=utf8
화학과 관련 세특,https://kin.naver.com/qna/detail.naver?d1id=3&dirId=3120102&docId=483194317&qb=67Cc7ZGcIOykgOu5hA==&enc=utf8
그냥 성당이나 절을 가보고 싶은데,https://kin.naver.com/qna/detail.naver?d1id=6&dirId=60901&docId=483185668&qb=67Cc7ZGcIOykgOu5hA==&enc=utf8
서울시 청년수당 신청방법,https://kin.naver.com/qna/detail.naver?d1id=12&dirId=1201&docId=254400665&qb=67Cc7ZGcIOykgOu5hA==&enc=utf8
대학교 발표과제의 방향성을 잡고싶어요,https://kin.naver.com/qna/detail.naver?d1id=4&dirId=408&docId=483183808&qb=67Cc7ZGcIOykgOu5hA==&enc=utf8
과학 귀납적 탐구,https://kin.naver.com/qna/detail.naver?d1id=11&dirId=110404&docId=483190809&qb=67Cc7ZGcIOykgOu5hA==&enc=utf8
벽식 기둥식 구조 아파트,https://kin.naver.com/qna/detail.naver?d1id=8&dirId=80902&docId=483183362&qb=67Cc7ZGcIOykgOu5hA==&enc=utf8
비상계엄렴 왜 발포한걸까요?,https://kin.naver.com/qna/detail.naver?d1id=11&dirId=1127&docId=483189941&qb=67Cc7ZGcIOykgOu5hA==&enc=utf8
고2 혼자(같은반에친구xx),https://kin.naver.com/qna/detail.naver?d1id=11&dirId=110407&docId=483189422&qb=67Cc7ZGcIOykgOu5hA==&enc=utf8
도와주ㅛㅔ요 제발,https://kin.naver.com/qna/detail.naver?d1id=7&dirId=70109&docId=483187964&qb=67Cc7ZGcIOykgOu5hA==&enc=utf8
청년 월세 지원,https://kin.naver.com/qna/detail.naver?d1id=4&dirId=4020202&docId=483176898&qb=67Cc7ZGcIOykgOu5hA==&enc=utf8
미국 나스닥 선물 위주로 현재 리딩을 받고 있습니다.,https://kin.naver.com/qna/detail.naver?d1id=4&dirId=40102&docId=461182350&qb=67Cc7ZGcIOykgOu5hA==&enc=utf8
영어 글쓰기 주제를 어떻게 해야할지 모르겠어요ㅠㅠ,https://kin.naver.com/qna/detail.naver?d1id=11&dirId=11080105&docId=483184379&qb=67Cc7ZGcIOykgOu5hA==&enc=utf8
영상편집전문인 자격증에 대해 궁금합니다!!,https://kin.naver.com/qna/detail.naver?d1id=3&dirId=3031003&docId=483187235&qb=67Cc7ZGcIOykgOu5hA==&enc=utf8
청지사 2급연수에서,https://kin.naver.com/qna/detail.naver?d1id=11&dirId=110501&docId=483185531&qb=67Cc7ZGcIOykgOu5hA==&enc=utf8
중학교 회장(급함 ㅠㅜ),https://kin.naver.com/qna/detail.naver?d1id=11&dirId=110311&docId=483182140&qb=67Cc7ZGcIOykgOu5hA==&enc=utf8
김수현 김새론 사건설명,https://kin.naver.com/qna/detail.naver?d1id=3&dirId=3031101&docId=483177962&qb=67Cc7ZGcIOykgOu5hA==&enc=utf8
영화과 학원 여름방학때 부터 다녀도 되나요?,https://kin.naver.com/qna/detail.naver?d1id=11&dirId=110409&docId=483167412&qb=67Cc7ZGcIOykgOu5hA==&enc=utf8
2025년 KBO리그는 언제 개막하나요?,https://kin.naver.com/qna/detail.naver?d1id=10&dirId=10010202&docId=468459633&qb=67Cc7ZGcIOykgOu5hA==&enc=utf8
공무원 시험개편,https://kin.naver.com/qna/detail.naver?d1id=4&dirId=40601&docId=483180915&qb=67Cc7ZGcIOykgOu5hA==&enc=utf8
발표 부끄러움,https://kin.naver.com/qna/detail.naver?d1id=11&dirId=110407&docId=483179012&qb=67Cc7ZGcIOykgOu5hA==&enc=utf8
"임상심리사 2급,1급 실기",https://kin.naver.com/qna/detail.naver?d1id=8&dirId=814&docId=483175033&qb=67Cc7ZGcIOykgOu5hA==&enc=utf8
대학 과제 자료조사,https://kin.naver.com/qna/detail.naver?d1id=11&dirId=110502&docId=483175174&qb=67Cc7ZGcIOykgOu5hA==&enc=utf8
예비군 질문,https://kin.naver.com/qna/detail.naver?d1id=6&dirId=6030501&docId=483168891&qb=67Cc7ZGcIOykgOu5hA==&enc=utf8
제과제빵사 관련된 영어 신문기사찾아주세요.,https://kin.naver.com/qna/detail.naver?d1id=6&dirId=61403&docId=483110629&qb=67Cc7ZGcIOykgOu5hA==&enc=utf8
학교 활동같은거 때문에 너무 힘들어요,https://kin.naver.com/qna/detail.naver?d1id=11&dirId=110307&docId=482851056&qb=67Cc7ZGcIOykgOu5hA==&enc=utf8
방광암4기 생존율……..,https://kin.naver.com/qna/detail.naver?d1id=7&dirId=710&docId=437573588&qb=67Cc7ZGcIOykgOu5hA==&enc=utf8
방광암 검사 어떻게 진행되나요?,https://kin.naver.com/qna/detail.naver?d1id=7&dirId=70116&docId=482419218&qb=67Cc7ZGcIOykgOu5hA==&enc=utf8
정신병원 취재,https://kin.naver.com/qna/detail.naver?d1id=11&dirId=1111&docId=483166199&qb=67Cc7ZGcIOykgOu5hA==&enc=utf8
방광암 항암치료 전 어떤 걸 준비해야 하나요?,https://kin.naver.com/qna/detail.naver?d1id=7&dirId=70116&docId=483063128&qb=67Cc7ZGcIOykgOu5hA==&enc=utf8
환율은 어디서 어떻게 결정되는건가요?,https://kin.naver.com/qna/detail.naver?d1id=4&dirId=409&docId=481104062&qb=67Cc7ZGcIOykgOu5hA==&enc=utf8
아이맥 vs 맥미니 골라주세요,https://kin.naver.com/qna/detail.naver?d1id=1&dirId=10303&docId=483135481&qb=67Cc7ZGcIOykgOu5hA==&enc=utf8
과학 동아리 발표,https://kin.naver.com/qna/detail.naver?d1id=11&dirId=111602&docId=483000508&qb=67Cc7ZGcIOykgOu5hA==&enc=utf8
백석대학교 연기과,https://kin.naver.com/qna/detail.naver?d1id=11&dirId=110602&docId=483148880&qb=67Cc7ZGcIOykgOu5hA==&enc=utf8
"고1, 같은동아리..! 찌질한가요..",https://kin.naver.com/qna/detail.naver?d1id=11&dirId=1104&docId=483155129&qb=67Cc7ZGcIOykgOu5hA==&enc=utf8
부산 항공과 입시,https://kin.naver.com/qna/detail.naver?d1id=8&dirId=81205&docId=483153299&qb=67Cc7ZGcIOykgOu5hA==&enc=utf8
국외여행 허가 이후 출국 시 자료 필요한가요?,https://kin.naver.com/qna/detail.naver?d1id=6&dirId=60302&docId=483148867&qb=67Cc7ZGcIOykgOu5hA==&enc=utf8
대학교 갈 때 생기부,https://kin.naver.com/qna/detail.naver?d1id=11&dirId=11050403&docId=483147148&qb=67Cc7ZGcIOykgOu5hA==&enc=utf8
오만전 요르단전,https://kin.naver.com/qna/detail.naver?d1id=10&dirId=10010101&docId=483146257&qb=67Cc7ZGcIOykgOu5hA==&enc=utf8
아이패드 구매 프로모션,https://kin.naver.com/qna/detail.naver?d1id=1&dirId=1010701&docId=482866449&qb=67Cc7ZGcIOykgOu5hA==&enc=utf8
밀라노 올림픽 4월 티켓팅,https://kin.naver.com/qna/detail.naver?d1id=10&dirId=100601&docId=482656301&qb=67Cc7ZGcIOykgOu5hA==&enc=utf8
중1인데 과학 수행평가 어떡할까요??,https://kin.naver.com/qna/detail.naver?d1id=13&dirId=130104&docId=483140870&qb=67Cc7ZGcIOykgOu5hA==&enc=utf8
동아리 질문,https://kin.naver.com/qna/detail.naver?d1id=11&dirId=110204&docId=483141251&qb=67Cc7ZGcIOykgOu5hA==&enc=utf8
강남대 약식논술,https://kin.naver.com/qna/detail.naver?d1id=11&dirId=11050402&docId=482947432&qb=67Cc7ZGcIOykgOu5hA==&enc=utf8
행정연구원 인적성검사는 어떤걸까요?,https://kin.naver.com/qna/detail.naver?d1id=11&dirId=1121&docId=483143587&qb=67Cc7ZGcIOykgOu5hA==&enc=utf8
가천대 약술형논술 제가 아는게 맞나요?,https://kin.naver.com/qna/detail.naver?d1id=11&dirId=11050401&docId=483064792&qb=67Cc7ZGcIOykgOu5hA==&enc=utf8
한국철도공사면접 학원 스터디그룹 준비 대비...,https://kin.naver.com/qna/detail.naver?d1id=4&dirId=406&docId=360651122&qb=67Cc7ZGcIOykgOu5hA==&enc=utf8
일본 유학 잘 아는 사람만 와주세요,https://kin.naver.com/qna/detail.naver?d1id=11&dirId=110601&docId=483129706&qb=67Cc7ZGcIOykgOu5hA==&enc=utf8
시 낭송 배경음악,https://kin.naver.com/qna/detail.naver?d1id=8&dirId=8050102&docId=483138332&qb=67Cc7ZGcIOykgOu5hA==&enc=utf8
인천 일본 유학 학원 추천,https://kin.naver.com/qna/detail.naver?d1id=11&dirId=110602&docId=483088623&qb=67Cc7ZGcIOykgOu5hA==&enc=utf8
사주 풀이,https://kin.naver.com/qna/detail.naver?d1id=3&dirId=31501&docId=483137747&qb=67Cc7ZGcIOykgOu5hA==&enc=utf8
수업 시간 대답,https://kin.naver.com/qna/detail.naver?d1id=11&dirId=110407&docId=483132508&qb=67Cc7ZGcIOykgOu5hA==&enc=utf8
중1이 하면 좋은것!,https://kin.naver.com/qna/detail.naver?d1id=20&dirId=2001&docId=483108614&qb=67Cc7ZGcIOykgOu5hA==&enc=utf8
완전 흔한 반장선거 공약 ㅠㅠ,https://kin.naver.com/qna/detail.naver?d1id=6&dirId=607&docId=483081681&qb=67Cc7ZGcIOykgOu5hA==&enc=utf8
고등학교 반장선거 공약추천해주세요,https://kin.naver.com/qna/detail.naver?d1id=6&dirId=607&docId=483123445&qb=67Cc7ZGcIOykgOu5hA==&enc=utf8
스피킹 맥스 사기,https://kin.naver.com/qna/detail.naver?d1id=5&dirId=509&docId=483062923&qb=67Cc7ZGcIOykgOu5hA==&enc=utf8
발표가 무서운데 정신과 가야할까요?,https://kin.naver.com/qna/detail.naver?d1id=7&dirId=70117&docId=483124678&qb=67Cc7ZGcIOykgOu5hA==&enc=utf8
4월 말이면 반팔입고 다니나요?,https://kin.naver.com/qna/detail.naver?d1id=8&dirId=815&docId=483095406&qb=67Cc7ZGcIOykgOu5hA==&enc=utf8
경영학과 생기부,https://kin.naver.com/qna/detail.naver?d1id=11&dirId=11050402&docId=483123888&qb=67Cc7ZGcIOykgOu5hA==&enc=utf8
경제학과 희망하는 고1입니다 도와주세요,https://kin.naver.com/qna/detail.naver?d1id=11&dirId=11050401&docId=483028059&qb=67Cc7ZGcIOykgOu5hA==&enc=utf8
김새롬 김수현 먼일임??,https://kin.naver.com/qna/detail.naver?d1id=6&dirId=613&docId=483106648&qb=67Cc7ZGcIOykgOu5hA==&enc=utf8
INTP 여자 꼬시는 법,https://kin.naver.com/qna/detail.naver?d1id=8&dirId=80101&docId=483121468&qb=67Cc7ZGcIOykgOu5hA==&enc=utf8
영화과 입시 대학 관련 질문이요ㅠ,https://kin.naver.com/qna/detail.naver?d1id=11&dirId=11050405&docId=483116587&qb=67Cc7ZGcIOykgOu5hA==&enc=utf8
미스터트롯3 공연 예매 어디서 하나요?,https://kin.naver.com/qna/detail.naver?d1id=5&dirId=51001&docId=482092523&qb=67Cc7ZGcIOykgOu5hA==&enc=utf8
미스터트롯3 콘서트 예매,https://kin.naver.com/qna/detail.naver?d1id=5&dirId=51001&docId=482842578&qb=67Cc7ZGcIOykgOu5hA==&enc=utf8
미스터트롯3 전국투어 콘서트 일정과 티켓예매 방법,https://kin.naver.com/qna/detail.naver?d1id=3&dirId=30215&docId=482929553&qb=67Cc7ZGcIOykgOu5hA==&enc=utf8
미스터트롯3 전국투어 콘서트 지역,https://kin.naver.com/qna/detail.naver?d1id=5&dirId=51001&docId=482706770&qb=67Cc7ZGcIOykgOu5hA==&enc=utf8
사회복지 공무원 시험 일정과 과목이 어떻게 되나요?,https://kin.naver.com/qna/detail.naver?d1id=4&dirId=40601&docId=480871882&qb=67Cc7ZGcIOykgOu5hA==&enc=utf8
고등학교 질문,https://kin.naver.com/qna/detail.naver?d1id=11&dirId=110308&docId=483108975&qb=67Cc7ZGcIOykgOu5hA==&enc=utf8
지2 질문,https://kin.naver.com/qna/detail.naver?d1id=11&dirId=110407&docId=483109313&qb=67Cc7ZGcIOykgOu5hA==&enc=utf8
정보처리기사 복수전공 응시자격서류 제출 관련 질문,https://kin.naver.com/qna/detail.naver?d1id=11&dirId=1131&docId=483106723&qb=67Cc7ZGcIOykgOu5hA==&enc=utf8
코레일 면접학원 추천,https://kin.naver.com/qna/detail.naver?d1id=8&dirId=81204&docId=372055658&qb=67Cc7ZGcIOykgOu5hA==&enc=utf8
한국철도공사 면접 학원,https://kin.naver.com/qna/detail.naver?d1id=11&dirId=110704&docId=372333983&qb=67Cc7ZGcIOykgOu5hA==&enc=utf8
미술과제 어떻게하는지 1도모르겠습니다.,https://kin.naver.com/qna/detail.naver?d1id=3&dirId=31302&docId=483105091&qb=67Cc7ZGcIOykgOu5hA==&enc=utf8
한국철도공사 면접 학원,https://kin.naver.com/qna/detail.naver?d1id=11&dirId=110704&docId=372056169&qb=67Cc7ZGcIOykgOu5hA==&enc=utf8
특전부사관 면접 어렵나요?,https://kin.naver.com/qna/detail.naver?d1id=6&dirId=60302&docId=482897744&qb=67Cc7ZGcIOykgOu5hA==&enc=utf8
육군 부사관 면접,https://kin.naver.com/qna/detail.naver?d1id=6&dirId=604&docId=482992487&qb=67Cc7ZGcIOykgOu5hA==&enc=utf8
조계종스님,https://kin.naver.com/qna/detail.naver?d1id=6&dirId=60903&docId=483101028&qb=67Cc7ZGcIOykgOu5hA==&enc=utf8
가스연료 자동차가 사회에 끼친 영향이 뭔가요?,https://kin.naver.com/qna/detail.naver?d1id=8&dirId=81104&docId=483058510&qb=67Cc7ZGcIOykgOu5hA==&enc=utf8
중1 학급 부반장 공약 추천,https://kin.naver.com/qna/detail.naver?d1id=11&dirId=110307&docId=483100095&qb=67Cc7ZGcIOykgOu5hA==&enc=utf8
항공사 지상직 조건이 어떻게되요?,https://kin.naver.com/qna/detail.naver?d1id=11&dirId=1107&docId=482177325&qb=67Cc7ZGcIOykgOu5hA==&enc=utf8
"실내건축,공간디자인과 생기부",https://kin.naver.com/qna/detail.naver?d1id=11&dirId=1119&docId=483030913&qb=67Cc7ZGcIOykgOu5hA==&enc=utf8
발음교정 질문,https://kin.naver.com/qna/detail.naver?d1id=11&dirId=110307&docId=483070784&qb=67Cc7ZGcIOykgOu5hA==&enc=utf8
중2 반장선거 공략 추천받습니다,https://kin.naver.com/qna/detail.naver?d1id=3&dirId=31201&docId=483028706&qb=67Cc7ZGcIOykgOu5hA==&enc=utf8
회장선거 추천,https://kin.naver.com/qna/detail.naver?d1id=6&dirId=60703&docId=483034671&qb=67Cc7ZGcIOykgOu5hA==&enc=utf8
고등학교 반장 선거 공약 평가좀요,https://kin.naver.com/qna/detail.naver?d1id=6&dirId=61303&docId=482992123&qb=67Cc7ZGcIOykgOu5hA==&enc=utf8
고1 전교회장 선거 공약 추천,https://kin.naver.com/qna/detail.naver?d1id=11&dirId=110307&docId=483048238&qb=67Cc7ZGcIOykgOu5hA==&enc=utf8
중학교 방송부 면접 내용 질문,https://kin.naver.com/qna/detail.naver?d1id=4&dirId=40401&docId=482814071&qb=67Cc7ZGcIOykgOu5hA==&enc=utf8
중2 학급회장 공약 제발요ㅜㅜㅜㅜㅜ,https://kin.naver.com/qna/detail.naver?d1id=11&dirId=110307&docId=482954724&qb=67Cc7ZGcIOykgOu5hA==&enc=utf8
야구 정현수선수의 2024 시즌 성적은 어떻게 되나요?,https://kin.naver.com/qna/detail.naver?d1id=10&dirId=10010202&docId=483091701&qb=67Cc7ZGcIOykgOu5hA==&enc=utf8
nh 농협 청년도약계좌 가입,https://kin.naver.com/qna/detail.naver?d1id=4&dirId=40107&docId=482209118&qb=67Cc7ZGcIOykgOu5hA==&enc=utf8
지금 고3자퇴,https://kin.naver.com/qna/detail.naver?d1id=11&dirId=11080308&docId=483092754&qb=67Cc7ZGcIOykgOu5hA==&enc=utf8
"급성 백혈병, 뇌출혈",https://kin.naver.com/qna/detail.naver?d1id=7&dirId=7010104&docId=425406904&qb=67Cc7ZGcIOykgOu5hA==&enc=utf8
잠수병에 대한 질문.,https://kin.naver.com/qna/detail.naver?d1id=10&dirId=100201&docId=328813977&qb=67Cc7ZGcIOykgOu5hA==&enc=utf8
급성 백혈병환자 안면마비 ..,https://kin.naver.com/qna/detail.naver?d1id=7&dirId=7010104&docId=432073318&qb=67Cc7ZGcIOykgOu5hA==&enc=utf8
잠수병 낫는법,https://kin.naver.com/qna/detail.naver?d1id=11&dirId=110304&docId=478354366&qb=67Cc7ZGcIOykgOu5hA==&enc=utf8
어머니가 급성백혈병으로 급하게 돌아가셨는데 보험금...,https://kin.naver.com/qna/detail.naver?d1id=7&dirId=7010104&docId=471455819&qb=67Cc7ZGcIOykgOu5hA==&enc=utf8
고등학교 생명과학동아리 면접질문,https://kin.naver.com/qna/detail.naver?d1id=11&dirId=1121&docId=482951710&qb=67Cc7ZGcIOykgOu5hA==&enc=utf8
지방직 9급,https://kin.naver.com/qna/detail.naver?d1id=4&dirId=40601&docId=483090898&qb=67Cc7ZGcIOykgOu5hA==&enc=utf8
급성 골수성백혈병 골수검사 결과에 대해 잘아시는분,https://kin.naver.com/qna/detail.naver?d1id=7&dirId=7010104&docId=475299800&qb=67Cc7ZGcIOykgOu5hA==&enc=utf8
급성골수성 백혈병 생존률,https://kin.naver.com/qna/detail.naver?d1id=7&dirId=7010104&docId=442309771&qb=67Cc7ZGcIOykgOu5hA==&enc=utf8
호주 대학교 유학,https://kin.naver.com/qna/detail.naver?d1id=11&dirId=110602&docId=483075715&qb=67Cc7ZGcIOykgOu5hA==&enc=utf8
졸업 유보 당했을때 어떻게 해야하나요?,https://kin.naver.com/qna/detail.naver?d1id=11&dirId=110502&docId=483088953&qb=67Cc7ZGcIOykgOu5hA==&enc=utf8
(급해요) 반장선거 공략,https://kin.naver.com/qna/detail.naver?d1id=6&dirId=607&docId=482984098&qb=67Cc7ZGcIOykgOu5hA==&enc=utf8
소비자 물가 지표가,https://kin.naver.com/qna/detail.naver?d1id=4&dirId=40102&docId=483028039&qb=67Cc7ZGcIOykgOu5hA==&enc=utf8
"명예훼손,모욕죄와 개인정보보호법,사기죄 상담",https://kin.naver.com/qna/detail.naver?d1id=6&dirId=60206&docId=483068721&qb=67Cc7ZGcIOykgOu5hA==&enc=utf8
"반장,부반장 선거 공약,멘트 추천해주세요",https://kin.naver.com/qna/detail.naver?d1id=6&dirId=60702&docId=482903948&qb=67Cc7ZGcIOykgOu5hA==&enc=utf8
배당은 언제 주나요,https://kin.naver.com/qna/detail.naver?d1id=4&dirId=40102&docId=483015269&qb=67Cc7ZGcIOykgOu5hA==&enc=utf8
중학교 반장 공약 추천해주세요,https://kin.naver.com/qna/detail.naver?d1id=8&dirId=80505&docId=482949261&qb=67Cc7ZGcIOykgOu5hA==&enc=utf8
과학 동아리 면접 급해요ㅜ,https://kin.naver.com/qna/detail.naver?d1id=11&dirId=110404&docId=482885617&qb=67Cc7ZGcIOykgOu5hA==&enc=utf8
급함)급성 골수구성 백혈병,https://kin.naver.com/qna/detail.naver?d1id=7&dirId=7010104&docId=339793032&qb=67Cc7ZGcIOykgOu5hA==&enc=utf8
국민임대 주택 신청 자격,https://kin.naver.com/qna/detail.naver?d1id=4&dirId=40203&docId=483061778&qb=67Cc7ZGcIOykgOu5hA==&enc=utf8
사람좀 살려주세요 동아리 면접 예상질문 알려주세요!!!,https://kin.naver.com/qna/detail.naver?d1id=11&dirId=11080305&docId=483087470&qb=67Cc7ZGcIOykgOu5hA==&enc=utf8
육사 가고싶은데 세특은 어떻게 쓰는게 좋나요?,https://kin.naver.com/qna/detail.naver?d1id=11&dirId=11050401&docId=483087577&qb=67Cc7ZGcIOykgOu5hA==&enc=utf8
바리스타 진로독서 책 추천,https://kin.naver.com/qna/detail.naver?d1id=8&dirId=80606&docId=483026707&qb=67Cc7ZGcIOykgOu5hA==&enc=utf8
남자애랑 친해지는 법좀 알려주세요 ㅠ,https://kin.naver.com/qna/detail.naver?d1id=11&dirId=1104&docId=483083715&qb=67Cc7ZGcIOykgOu5hA==&enc=utf8
공무원시험,https://kin.naver.com/qna/detail.naver?d1id=4&dirId=40601&docId=480952848&qb=67Cc7ZGcIOykgOu5hA==&enc=utf8
교보문고 해외 도서 배송관련,https://kin.naver.com/qna/detail.naver?d1id=11&dirId=11080406&docId=483077979&qb=67Cc7ZGcIOykgOu5hA==&enc=utf8
발표자료 사진 추천 부탁드립니다,https://kin.naver.com/qna/detail.naver?d1id=11&dirId=11080105&docId=483076118&qb=67Cc7ZGcIOykgOu5hA==&enc=utf8
뮤지컬 넘버 추천해주세요,https://kin.naver.com/qna/detail.naver?d1id=3&dirId=309&docId=483024961&qb=67Cc7ZGcIOykgOu5hA==&enc=utf8
회장선거 꼭 뽑히고 싶어요,https://kin.naver.com/qna/detail.naver?d1id=4&dirId=40401&docId=482909718&qb=67Cc7ZGcIOykgOu5hA==&enc=utf8
회장선거..급해요 젭알 ㅜㅠㅠㅜㅜㅜㅜ,https://kin.naver.com/qna/detail.naver?d1id=13&dirId=130107&docId=483069453&qb=67Cc7ZGcIOykgOu5hA==&enc=utf8
이런 하중 형태에선 굽힘모멘트를 어떻게 구하나요?,https://kin.naver.com/qna/detail.naver?d1id=11&dirId=113102&docId=483067849&qb=67Cc7ZGcIOykgOu5hA==&enc=utf8
"실내건축,공간디자인학과에서 원하는 인재는어떤...",https://kin.naver.com/qna/detail.naver?d1id=11&dirId=110408&docId=483031345&qb=67Cc7ZGcIOykgOu5hA==&enc=utf8
아이패드 제일 최신거,https://kin.naver.com/qna/detail.naver?d1id=1&dirId=1010701&docId=482994398&qb=67Cc7ZGcIOykgOu5hA==&enc=utf8
행정 관련 최근이슈로.....,https://kin.naver.com/qna/detail.naver?d1id=6&dirId=60219&docId=483062837&qb=67Cc7ZGcIOykgOu5hA==&enc=utf8
국민임대주택 신청 절차는 무엇인가요?,https://kin.naver.com/qna/detail.naver?d1id=4&dirId=40203&docId=483062100&qb=67Cc7ZGcIOykgOu5hA==&enc=utf8
경남외고 문의,https://kin.naver.com/qna/detail.naver?d1id=11&dirId=110308&docId=483054857&qb=67Cc7ZGcIOykgOu5hA==&enc=utf8
2025년 드론 자격증 시험일정 어떻게 되나요?,https://kin.naver.com/qna/detail.naver?d1id=11&dirId=1114&docId=480717270&qb=67Cc7ZGcIOykgOu5hA==&enc=utf8
학교폭력 신고,https://kin.naver.com/qna/detail.naver?d1id=11&dirId=1131&docId=482891118&qb=67Cc7ZGcIOykgOu5hA==&enc=utf8
미스터트롯 3 방송,https://kin.naver.com/qna/detail.naver?d1id=8&dirId=814&docId=483029563&qb=67Cc7ZGcIOykgOu5hA==&enc=utf8
해외주식 양도차익 계산방법,https://kin.naver.com/qna/detail.naver?d1id=4&dirId=40302&docId=483058870&qb=67Cc7ZGcIOykgOu5hA==&enc=utf8
항소심 선고 시간,https://kin.naver.com/qna/detail.naver?d1id=6&dirId=602060203&docId=483058654&qb=67Cc7ZGcIOykgOu5hA==&enc=utf8
체대입시 고민중인 고1 남자입니다.,https://kin.naver.com/qna/detail.naver?d1id=11&dirId=11050405&docId=483043687&qb=67Cc7ZGcIOykgOu5hA==&enc=utf8
역사교사와 과학과 어떻게 연관시켜여햐죠,https://kin.naver.com/qna/detail.naver?d1id=11&dirId=111001&docId=483057281&qb=67Cc7ZGcIOykgOu5hA==&enc=utf8
키움증권 미국주식,https://kin.naver.com/qna/detail.naver?d1id=4&dirId=40102&docId=483049129&qb=67Cc7ZGcIOykgOu5hA==&enc=utf8
학생회 면접,https://kin.naver.com/qna/detail.naver?d1id=13&dirId=130108&docId=483030657&qb=67Cc7ZGcIOykgOu5hA==&enc=utf8
GD 응원봉 위드뮤 라이브,https://kin.naver.com/qna/detail.naver?d1id=3&dirId=30215&docId=483016095&qb=67Cc7ZGcIOykgOu5hA==&enc=utf8
통합과학으로 자유주제 발표하는데요?,https://kin.naver.com/qna/detail.naver?d1id=11&dirId=110404&docId=483053548&qb=67Cc7ZGcIOykgOu5hA==&enc=utf8
양식조리기능사 실기 실격,https://kin.naver.com/qna/detail.naver?d1id=8&dirId=80209&docId=482982857&qb=67Cc7ZGcIOykgOu5hA==&enc=utf8
해외선물거래,https://kin.naver.com/qna/detail.naver?d1id=5&dirId=512&docId=337072002&qb=67Cc7ZGcIOykgOu5hA==&enc=utf8
진로와 수학 연관,https://kin.naver.com/qna/detail.naver?d1id=11&dirId=110704&docId=483043058&qb=67Cc7ZGcIOykgOu5hA==&enc=utf8
공군 운전병 지원,https://kin.naver.com/qna/detail.naver?d1id=6&dirId=6030203&docId=482991673&qb=67Cc7ZGcIOykgOu5hA==&enc=utf8
초등인강 집중력,https://kin.naver.com/qna/detail.naver?d1id=1&dirId=1070402&docId=483050569&qb=67Cc7ZGcIOykgOu5hA==&enc=utf8
나스닥 100 개장시간,https://kin.naver.com/qna/detail.naver?d1id=4&dirId=40102&docId=483025205&qb=67Cc7ZGcIOykgOu5hA==&enc=utf8
취업방해죄에 대한 상담 및 대응방안,https://kin.naver.com/qna/detail.naver?d1id=6&dirId=60215&docId=483050687&qb=67Cc7ZGcIOykgOu5hA==&enc=utf8
2025 대구 대학교 축제,https://kin.naver.com/qna/detail.naver?d1id=12&dirId=1203&docId=482706070&qb=67Cc7ZGcIOykgOu5hA==&enc=utf8
증권사 2곳 사용 시 양도세 질문,https://kin.naver.com/qna/detail.naver?d1id=4&dirId=40305&docId=483043142&qb=67Cc7ZGcIOykgOu5hA==&enc=utf8
친구를 주제로 한줄 영어로,https://kin.naver.com/qna/detail.naver?d1id=11&dirId=11080305&docId=483050029&qb=67Cc7ZGcIOykgOu5hA==&enc=utf8
고혈압 질문,https://kin.naver.com/qna/detail.naver?d1id=7&dirId=7010103&docId=483031881&qb=67Cc7ZGcIOykgOu5hA==&enc=utf8
대학원 입시,https://kin.naver.com/qna/detail.naver?d1id=4&dirId=40612&docId=483048219&qb=67Cc7ZGcIOykgOu5hA==&enc=utf8
주식 cpi질문 드려요!!,https://kin.naver.com/qna/detail.naver?d1id=4&dirId=40102&docId=483035303&qb=67Cc7ZGcIOykgOu5hA==&enc=utf8
고1 영어 혼자 공부법 내신+수능대비,https://kin.naver.com/qna/detail.naver?d1id=11&dirId=11080308&docId=483043609&qb=67Cc7ZGcIOykgOu5hA==&enc=utf8
경영경제 동아리는 면접 때 보통 어떤 질문 하나요?,https://kin.naver.com/qna/detail.naver?d1id=4&dirId=40402&docId=483047510&qb=67Cc7ZGcIOykgOu5hA==&enc=utf8
말기암 전이암 항암치료 의미가 있나요?,https://kin.naver.com/qna/detail.naver?d1id=7&dirId=70116&docId=257246691&qb=67Cc7ZGcIOykgOu5hA==&enc=utf8
결혼식 준비중에 시어머니의 친동생이 말기암일 경우...,https://kin.naver.com/qna/detail.naver?d1id=8&dirId=80101&docId=217108111&qb=67Cc7ZGcIOykgOu5hA==&enc=utf8
무슨 일을 해서 먹고 살지 준비를 하고 실행에 옮겨야 되죠?,https://kin.naver.com/qna/detail.naver?d1id=8&dirId=801&docId=426689951&qb=67Cc7ZGcIOykgOu5hA==&enc=utf8
말기암 환자 호스피스병동 에서 약물을 다른걸 투여했어요,https://kin.naver.com/qna/detail.naver?d1id=7&dirId=70116&docId=479887532&qb=67Cc7ZGcIOykgOu5hA==&enc=utf8
영화과 입시 관련 질문 ㅠㅠ,https://kin.naver.com/qna/detail.naver?d1id=11&dirId=11050405&docId=483045103&qb=67Cc7ZGcIOykgOu5hA==&enc=utf8
약사 및 약학 계열 화학 실험 추천,https://kin.naver.com/qna/detail.naver?d1id=11&dirId=110404&docId=483041481&qb=67Cc7ZGcIOykgOu5hA==&enc=utf8
힐스테이트 광교중앙역 퍼스트,https://kin.naver.com/qna/detail.naver?d1id=4&dirId=402&docId=393822514&qb=67Cc7ZGcIOykgOu5hA==&enc=utf8
2025년 생활스포츠지도사 2급 자격증 필기 고사장,https://kin.naver.com/qna/detail.naver?d1id=11&dirId=110305&docId=482630740&qb=67Cc7ZGcIOykgOu5hA==&enc=utf8
노래 시험 곡 추천,https://kin.naver.com/qna/detail.naver?d1id=3&dirId=30213&docId=483039478&qb=67Cc7ZGcIOykgOu5hA==&enc=utf8
박서진 콘서트(급해요ㅠ),https://kin.naver.com/qna/detail.naver?d1id=3&dirId=30215&docId=482767878&qb=67Cc7ZGcIOykgOu5hA==&enc=utf8
현역가왕2 티케팅 질문입니다.,https://kin.naver.com/qna/detail.naver?d1id=3&dirId=30215&docId=482772270&qb=67Cc7ZGcIOykgOu5hA==&enc=utf8
현역가왕2 콘서트,https://kin.naver.com/qna/detail.naver?d1id=3&dirId=30215&docId=481554900&qb=67Cc7ZGcIOykgOu5hA==&enc=utf8
트로트 가수 박서진님 콘서트,https://kin.naver.com/qna/detail.naver?d1id=3&dirId=30215&docId=445698942&qb=67Cc7ZGcIOykgOu5hA==&enc=utf8
트로트 가수 박서진님 일정,https://kin.naver.com/qna/detail.naver?d1id=5&dirId=51001&docId=469653012&qb=67Cc7ZGcIOykgOu5hA==&enc=utf8
"현역가왕 2대 박서진, 콘서트에 기대하는 점이 있나요?",https://kin.naver.com/qna/detail.naver?d1id=3&dirId=3021401&docId=482448450&qb=67Cc7ZGcIOykgOu5hA==&enc=utf8
박서진 콘서트 예매,https://kin.naver.com/qna/detail.naver?d1id=3&dirId=30215&docId=439544121&qb=67Cc7ZGcIOykgOu5hA==&enc=utf8
대학교가 공개하는 등급컷이 맞는 정보인가요? 급해요ㅜ,https://kin.naver.com/qna/detail.naver?d1id=11&dirId=110408&docId=483033131&qb=67Cc7ZGcIOykgOu5hA==&enc=utf8
사회-윤리적 관점 탐구 발표 자료 준비 도와주세요,https://kin.naver.com/qna/detail.naver?d1id=11&dirId=1127&docId=483037388&qb=67Cc7ZGcIOykgOu5hA==&enc=utf8
승무원이 꿈인 고등학생,https://kin.naver.com/qna/detail.naver?d1id=11&dirId=110208&docId=483036193&qb=67Cc7ZGcIOykgOu5hA==&enc=utf8
내일 야구 미세먼지,https://kin.naver.com/qna/detail.naver?d1id=10&dirId=10010202&docId=483033165&qb=67Cc7ZGcIOykgOu5hA==&enc=utf8
자퇴가 고민…,https://kin.naver.com/qna/detail.naver?d1id=11&dirId=110407&docId=483031872&qb=67Cc7ZGcIOykgOu5hA==&enc=utf8
미국이 진짜 비트코인을 살까??,https://kin.naver.com/qna/detail.naver?d1id=9&dirId=9020201&docId=481803451&qb=67Cc7ZGcIOykgOu5hA==&enc=utf8
초딩 반장선거 연설문 이요..!,https://kin.naver.com/qna/detail.naver?d1id=6&dirId=60702&docId=483026031&qb=67Cc7ZGcIOykgOu5hA==&enc=utf8
반장 선거 공약,https://kin.naver.com/qna/detail.naver?d1id=6&dirId=60702&docId=482998609&qb=67Cc7ZGcIOykgOu5hA==&enc=utf8
반장선거 나가는데 너무 걱정돼요,https://kin.naver.com/qna/detail.naver?d1id=8&dirId=814&docId=483029285&qb=67Cc7ZGcIOykgOu5hA==&enc=utf8
제과/제빵 자격증 생기부에 넣을 수 있을까요?,https://kin.naver.com/qna/detail.naver?d1id=11&dirId=11050403&docId=483026726&qb=67Cc7ZGcIOykgOu5hA==&enc=utf8
부모님 인스타 설득 좀 도와주세요,https://kin.naver.com/qna/detail.naver?d1id=1&dirId=1061203&docId=483025805&qb=67Cc7ZGcIOykgOu5hA==&enc=utf8
인간관계에서의 질문에대한 고찰,https://kin.naver.com/qna/detail.naver?d1id=6&dirId=60501&docId=481907189&qb=67Cc7ZGcIOykgOu5hA==&enc=utf8
예비군 기본훈련 작계훈련 연기 질문,https://kin.naver.com/qna/detail.naver?d1id=6&dirId=6030501&docId=482975906&qb=67Cc7ZGcIOykgOu5hA==&enc=utf8
충북과학고 입시,https://kin.naver.com/qna/detail.naver?d1id=11&dirId=110308&docId=481733156&qb=67Cc7ZGcIOykgOu5hA==&enc=utf8
알고리즘과 파이썬 관계,https://kin.naver.com/qna/detail.naver?d1id=4&dirId=40608&docId=483023815&qb=67Cc7ZGcIOykgOu5hA==&enc=utf8
연극영화과 연극동아리,https://kin.naver.com/qna/detail.naver?d1id=3&dirId=308&docId=483002263&qb=67Cc7ZGcIOykgOu5hA==&enc=utf8
제주 4.3 사건 관련 질문,https://kin.naver.com/qna/detail.naver?d1id=11&dirId=1110&docId=476888965&qb=67Cc7ZGcIOykgOu5hA==&enc=utf8
영양교사가 되기 위한 만다라트 계획표,https://kin.naver.com/qna/detail.naver?d1id=7&dirId=71105&docId=483019730&qb=67Cc7ZGcIOykgOu5hA==&enc=utf8
중학교 연극영화부 면접,https://kin.naver.com/qna/detail.naver?d1id=3&dirId=308&docId=483021558&qb=67Cc7ZGcIOykgOu5hA==&enc=utf8
취업 조언 좀 해주세요ㅠㅠ,https://kin.naver.com/qna/detail.naver?d1id=4&dirId=40601&docId=483013035&qb=67Cc7ZGcIOykgOu5hA==&enc=utf8
온열메트 효과 및 좋은제품을 추천바랍니다,https://kin.naver.com/qna/detail.naver?d1id=7&dirId=705&docId=113105966&qb=67Cc7ZGcIOykgOu5hA==&enc=utf8
면목역한의원 온열치료 가능한 유명한곳 알려주세요!!!,https://kin.naver.com/qna/detail.naver?d1id=7&dirId=708&docId=363242909&qb=67Cc7ZGcIOykgOu5hA==&enc=utf8
고주파온열암치료 (치료사가 임신할 경우),https://kin.naver.com/qna/detail.naver?d1id=7&dirId=710&docId=451107742&qb=67Cc7ZGcIOykgOu5hA==&enc=utf8
중학교 반장선거 특색활동으로는 뭐가 좋을까요?,https://kin.naver.com/qna/detail.naver?d1id=11&dirId=110307&docId=482898098&qb=67Cc7ZGcIOykgOu5hA==&enc=utf8
중학교2학년 반장선거 대본,https://kin.naver.com/qna/detail.naver?d1id=6&dirId=60702&docId=482828673&qb=67Cc7ZGcIOykgOu5hA==&enc=utf8
반장선거 공약 추천해주세오.,https://kin.naver.com/qna/detail.naver?d1id=6&dirId=60702&docId=482824686&qb=67Cc7ZGcIOykgOu5hA==&enc=utf8
고등학교 반장선거 공약 추천,https://kin.naver.com/qna/detail.naver?d1id=6&dirId=607&docId=482812849&qb=67Cc7ZGcIOykgOu5hA==&enc=utf8
대덕 소프트웨어 마이스터고 정보처리기능사 자격증,https://kin.naver.com/qna/detail.naver?d1id=1&dirId=1020303&docId=482947134&qb=67Cc7ZGcIOykgOu5hA==&enc=utf8
초등학교 전교임원선거 공약,https://kin.naver.com/qna/detail.naver?d1id=6&dirId=60702&docId=482720605&qb=67Cc7ZGcIOykgOu5hA==&enc=utf8
고2 반장 선거 공약 추천,https://kin.naver.com/qna/detail.naver?d1id=6&dirId=607&docId=482777050&qb=67Cc7ZGcIOykgOu5hA==&enc=utf8
중학교 반장선거 공약,https://kin.naver.com/qna/detail.naver?d1id=13&dirId=13050204&docId=482813605&qb=67Cc7ZGcIOykgOu5hA==&enc=utf8
2학기 부회장 선거 공약 추천해 주세요!,https://kin.naver.com/qna/detail.naver?d1id=6&dirId=60703&docId=482838385&qb=67Cc7ZGcIOykgOu5hA==&enc=utf8
itq 파워포인트 관련 질문,https://kin.naver.com/qna/detail.naver?d1id=1&dirId=102020103&docId=482924982&qb=67Cc7ZGcIOykgOu5hA==&enc=utf8
2007 파워포인트,https://kin.naver.com/qna/detail.naver?d1id=1&dirId=102020103&docId=482942246&qb=67Cc7ZGcIOykgOu5hA==&enc=utf8
반장선거 공약 추천좀여ㅜㅜ,https://kin.naver.com/qna/detail.naver?d1id=6&dirId=60702&docId=482823349&qb=67Cc7ZGcIOykgOu5hA==&enc=utf8
반장선거 공약,https://kin.naver.com/qna/detail.naver?d1id=6&dirId=60702&docId=482949231&qb=67Cc7ZGcIOykgOu5hA==&enc=utf8
중학교 방송부 예상 질문 알려주세요,https://kin.naver.com/qna/detail.naver?d1id=3&dirId=30102&docId=482996396&qb=67Cc7ZGcIOykgOu5hA==&enc=utf8
미시/거시세계에서 공간과 시간을 측정한 사례?,https://kin.naver.com/qna/detail.naver?d1id=11&dirId=110404&docId=482996320&qb=67Cc7ZGcIOykgOu5hA==&enc=utf8
고등학교 음악 과제,https://kin.naver.com/qna/detail.naver?d1id=11&dirId=110405&docId=482994801&qb=67Cc7ZGcIOykgOu5hA==&enc=utf8
약대 가고싶은데 진로발표 주제 추천 해주세요ㅜㅜ,https://kin.naver.com/qna/detail.naver?d1id=11&dirId=11050403&docId=482994630&qb=67Cc7ZGcIOykgOu5hA==&enc=utf8
항공 정비 관련 수특 영어 지문 찾아주세요ㅠㅠ,https://kin.naver.com/qna/detail.naver?d1id=11&dirId=113101&docId=482830972&qb=67Cc7ZGcIOykgOu5hA==&enc=utf8
평판조회 했을까요?,https://kin.naver.com/qna/detail.naver?d1id=11&dirId=1130&docId=482992830&qb=67Cc7ZGcIOykgOu5hA==&enc=utf8
중1 반장선거 ㅠㅠ,https://kin.naver.com/qna/detail.naver?d1id=11&dirId=110307&docId=482992512&qb=67Cc7ZGcIOykgOu5hA==&enc=utf8
도덕의 계보는 원전인가요?,https://kin.naver.com/qna/detail.naver?d1id=8&dirId=80606&docId=482991787&qb=67Cc7ZGcIOykgOu5hA==&enc=utf8
인천-리스본 직항비행기 현재잇나요?,https://kin.naver.com/qna/detail.naver?d1id=9&dirId=9020308&docId=483014268&qb=67Cc7ZGcIOykgOu5hA==&enc=utf8
동아리 학종에 큰 영향 미치나요?,https://kin.naver.com/qna/detail.naver?d1id=10&dirId=10010303&docId=482991239&qb=67Cc7ZGcIOykgOu5hA==&enc=utf8
반려동물 훈련사 국가자격증,https://kin.naver.com/qna/detail.naver?d1id=4&dirId=406&docId=483012619&qb=67Cc7ZGcIOykgOu5hA==&enc=utf8
고등학교 동아리 09,https://kin.naver.com/qna/detail.naver?d1id=11&dirId=1104&docId=482989807&qb=67Cc7ZGcIOykgOu5hA==&enc=utf8
트레이딩랩 보조지표 자동매매와 함께 사용할 수 있을까요,https://kin.naver.com/qna/detail.naver?d1id=4&dirId=40102&docId=483005719&qb=67Cc7ZGcIOykgOu5hA==&enc=utf8
밴드부 건반 유다빈밴드 항해,https://kin.naver.com/qna/detail.naver?d1id=3&dirId=30205&docId=482986385&qb=67Cc7ZGcIOykgOu5hA==&enc=utf8
포항제철 준비하고 있는데요..,https://kin.naver.com/qna/detail.naver?d1id=11&dirId=110308&docId=482986022&qb=67Cc7ZGcIOykgOu5hA==&enc=utf8
모음동화 모음조화 역행동화,https://kin.naver.com/qna/detail.naver?d1id=11&dirId=110101&docId=482984526&qb=67Cc7ZGcIOykgOu5hA==&enc=utf8
고등학교 승무원 동아라,https://kin.naver.com/qna/detail.naver?d1id=11&dirId=110408&docId=482984132&qb=67Cc7ZGcIOykgOu5hA==&enc=utf8
해외서물 기초 질문,https://kin.naver.com/qna/detail.naver?d1id=8&dirId=8070401&docId=482959415&qb=67Cc7ZGcIOykgOu5hA==&enc=utf8
"건축기사 자격증 동차시 필기,실기 시험 응시 가능할까요",https://kin.naver.com/qna/detail.naver?d1id=11&dirId=1119&docId=478981447&qb=67Cc7ZGcIOykgOu5hA==&enc=utf8
발표 질문,https://kin.naver.com/qna/detail.naver?d1id=8&dirId=8020114&docId=482978445&qb=67Cc7ZGcIOykgOu5hA==&enc=utf8
건축기사자격증 시험 일정과 응시 자격은?,https://kin.naver.com/qna/detail.naver?d1id=11&dirId=1119&docId=478694256&qb=67Cc7ZGcIOykgOu5hA==&enc=utf8
오 헨리 After 20 years,https://kin.naver.com/qna/detail.naver?d1id=3&dirId=307&docId=482961822&qb=67Cc7ZGcIOykgOu5hA==&enc=utf8
전자공학과 진학하려면 고등학교 어떤 동아리 선택..,https://kin.naver.com/qna/detail.naver?d1id=11&dirId=11050404&docId=482913667&qb=67Cc7ZGcIOykgOu5hA==&enc=utf8
고3 심리학 세특 주제 뭐가 더낫나여,https://kin.naver.com/qna/detail.naver?d1id=11&dirId=110408&docId=483010492&qb=67Cc7ZGcIOykgOu5hA==&enc=utf8
미술 전시 대관 질문,https://kin.naver.com/qna/detail.naver?d1id=3&dirId=312&docId=360514932&qb=67Cc7ZGcIOykgOu5hA==&enc=utf8
고2 호주 IT학과 UTS 디플로마 유학,https://kin.naver.com/qna/detail.naver?d1id=11&dirId=1106&docId=482983112&qb=67Cc7ZGcIOykgOu5hA==&enc=utf8
학교에서 수업할때 수업내용을 들으면서 쓰면 집중되나요?,https://kin.naver.com/qna/detail.naver?d1id=11&dirId=1104&docId=482694435&qb=67Cc7ZGcIOykgOu5hA==&enc=utf8
발표공포 무대공포증 공황 치료 ?(용암동 무대공포증),https://kin.naver.com/qna/detail.naver?d1id=7&dirId=70305&docId=483009986&qb=67Cc7ZGcIOykgOu5hA==&enc=utf8
평화적갈등해결 ppt발표,https://kin.naver.com/qna/detail.naver?d1id=11&dirId=110310&docId=482897839&qb=67Cc7ZGcIOykgOu5hA==&enc=utf8
PPT 발표 잘 하는 법,https://kin.naver.com/qna/detail.naver?d1id=8&dirId=814&docId=482912785&qb=67Cc7ZGcIOykgOu5hA==&enc=utf8
통합사회 감사일기 쓰는방법,https://kin.naver.com/qna/detail.naver?d1id=11&dirId=110402&docId=483008800&qb=67Cc7ZGcIOykgOu5hA==&enc=utf8
고등학교 1학년 동아리,https://kin.naver.com/qna/detail.naver?d1id=3&dirId=31201&docId=482997186&qb=67Cc7ZGcIOykgOu5hA==&enc=utf8
사회복지현장실습 ppt과제 목차,https://kin.naver.com/qna/detail.naver?d1id=6&dirId=6100105&docId=482973766&qb=67Cc7ZGcIOykgOu5hA==&enc=utf8
미국주식이나,https://kin.naver.com/qna/detail.naver?d1id=4&dirId=40102&docId=482986917&qb=67Cc7ZGcIOykgOu5hA==&enc=utf8
방송부 지원서 자기소개,https://kin.naver.com/qna/detail.naver?d1id=11&dirId=110407&docId=482930110&qb=67Cc7ZGcIOykgOu5hA==&enc=utf8
호주 워홀을 가고 싶은데 고민되요,https://kin.naver.com/qna/detail.naver?d1id=11&dirId=110603&docId=482798457&qb=67Cc7ZGcIOykgOu5hA==&enc=utf8
영재고 과학고등학교 준비하는 중3 도움주세요ㅠㅠ,https://kin.naver.com/qna/detail.naver?d1id=11&dirId=110308&docId=483001342&qb=67Cc7ZGcIOykgOu5hA==&enc=utf8
생활과 윤리 발표 주제,https://kin.naver.com/qna/detail.naver?d1id=11&dirId=111001&docId=483005988&qb=67Cc7ZGcIOykgOu5hA==&enc=utf8
수업 유연화,https://kin.naver.com/qna/detail.naver?d1id=11&dirId=110408&docId=483005846&qb=67Cc7ZGcIOykgOu5hA==&enc=utf8
영어 수업 발표,https://kin.naver.com/qna/detail.naver?d1id=11&dirId=11080301&docId=482990111&qb=67Cc7ZGcIOykgOu5hA==&enc=utf8
승진 가능할까요?,https://kin.naver.com/qna/detail.naver?d1id=3&dirId=31501&docId=482994347&qb=67Cc7ZGcIOykgOu5hA==&enc=utf8
이런 감정도 배신이라고 취급할 수 있을까요,https://kin.naver.com/qna/detail.naver?d1id=7&dirId=70109&docId=483002763&qb=67Cc7ZGcIOykgOu5hA==&enc=utf8
너무 힘들어요,https://kin.naver.com/qna/detail.naver?d1id=8&dirId=8010502&docId=483003105&qb=67Cc7ZGcIOykgOu5hA==&enc=utf8
이 사주 올해운세 봐 주세요,https://kin.naver.com/qna/detail.naver?d1id=3&dirId=31504&docId=482999341&qb=67Cc7ZGcIOykgOu5hA==&enc=utf8
학예부 방향성 발표 어케 해요ㅠ,https://kin.naver.com/qna/detail.naver?d1id=7&dirId=70111&docId=483002268&qb=67Cc7ZGcIOykgOu5hA==&enc=utf8
23살에 일본유학 대학교 너무 늦지 않을까 고민입니다,https://kin.naver.com/qna/detail.naver?d1id=11&dirId=110602&docId=482987217&qb=67Cc7ZGcIOykgOu5hA==&enc=utf8
학급회장 추천,https://kin.naver.com/qna/detail.naver?d1id=13&dirId=130104&docId=482963109&qb=67Cc7ZGcIOykgOu5hA==&enc=utf8
학교폭력관련 전학인데 좀 도와주세요,https://kin.naver.com/qna/detail.naver?d1id=6&dirId=60208&docId=482999719&qb=67Cc7ZGcIOykgOu5hA==&enc=utf8
중학교 반장소견발표 연설문 평가해주세요,https://kin.naver.com/qna/detail.naver?d1id=11&dirId=11080105&docId=482999612&qb=67Cc7ZGcIOykgOu5hA==&enc=utf8
새학기 친구 사귀는 법,https://kin.naver.com/qna/detail.naver?d1id=11&dirId=110407&docId=482735748&qb=67Cc7ZGcIOykgOu5hA==&enc=utf8
우즈 콘서트,https://kin.naver.com/qna/detail.naver?d1id=3&dirId=30215&docId=482959942&qb=67Cc7ZGcIOykgOu5hA==&enc=utf8
컴활 1급 공부법,https://kin.naver.com/qna/detail.naver?d1id=1&dirId=111&docId=482994871&qb=67Cc7ZGcIOykgOu5hA==&enc=utf8
고등학교 교육동아리,https://kin.naver.com/qna/detail.naver?d1id=4&dirId=406&docId=482994306&qb=67Cc7ZGcIOykgOu5hA==&enc=utf8
해외주식 양도소득세,https://kin.naver.com/qna/detail.naver?d1id=4&dirId=40301&docId=482961535&qb=67Cc7ZGcIOykgOu5hA==&enc=utf8
영화과입시 생기부,https://kin.naver.com/qna/detail.naver?d1id=3&dirId=308&docId=482991030&qb=67Cc7ZGcIOykgOu5hA==&enc=utf8
LH임대주택 에스키스 가산 발표,https://kin.naver.com/qna/detail.naver?d1id=4&dirId=40203&docId=482643336&qb=67Cc7ZGcIOykgOu5hA==&enc=utf8
2025년 청년월세 한시 특별 지원 질문이요.,https://kin.naver.com/qna/detail.naver?d1id=4&dirId=4020202&docId=482992222&qb=67Cc7ZGcIOykgOu5hA==&enc=utf8
비유법으로 자기소개하기,https://kin.naver.com/qna/detail.naver?d1id=11&dirId=110301&docId=482992069&qb=67Cc7ZGcIOykgOu5hA==&enc=utf8
중학교 수학 발표 선생님,https://kin.naver.com/qna/detail.naver?d1id=11&dirId=11050403&docId=482990542&qb=67Cc7ZGcIOykgOu5hA==&enc=utf8
고등학교 동아리 무엇을 해야할까요?,https://kin.naver.com/qna/detail.naver?d1id=11&dirId=1104&docId=482987290&qb=67Cc7ZGcIOykgOu5hA==&enc=utf8
고등학교 시디과 동아리 추천…,https://kin.naver.com/qna/detail.naver?d1id=3&dirId=30705&docId=482956718&qb=67Cc7ZGcIOykgOu5hA==&enc=utf8
안녕하세요,https://kin.naver.com/qna/detail.naver?d1id=1&dirId=102020101&docId=482967141&qb=67Cc7ZGcIOykgOu5hA==&enc=utf8
중학교 내신,https://kin.naver.com/qna/detail.naver?d1id=11&dirId=110308&docId=482984703&qb=67Cc7ZGcIOykgOu5hA==&enc=utf8
집중력 시간,https://kin.naver.com/qna/detail.naver?d1id=11&dirId=110201&docId=482984713&qb=67Cc7ZGcIOykgOu5hA==&enc=utf8
ppt 잘 만드는 법,https://kin.naver.com/qna/detail.naver?d1id=1&dirId=102020103&docId=447099628&qb=67Cc7ZGcIOykgOu5hA==&enc=utf8
경제 질문있습니다.,https://kin.naver.com/qna/detail.naver?d1id=4&dirId=409&docId=482974760&qb=67Cc7ZGcIOykgOu5hA==&enc=utf8
소방설비기사 실기_전기_책,https://kin.naver.com/qna/detail.naver?d1id=11&dirId=1118&docId=482410431&qb=67Cc7ZGcIOykgOu5hA==&enc=utf8
은행 필기 질문! 과정을 모르겠어요,https://kin.naver.com/qna/detail.naver?d1id=11&dirId=1121&docId=482914905&qb=67Cc7ZGcIOykgOu5hA==&enc=utf8
문유석 판사님에게 물어보세요!,https://kin.naver.com/qna/detail.naver?d1id=4&dirId=40603&docId=265737073&qb=67Cc7ZGcIOykgOu5hA==&enc=utf8
2024 서울시청년수당,https://kin.naver.com/qna/detail.naver?d1id=4&dirId=406&docId=466484655&qb=67Cc7ZGcIOykgOu5hA==&enc=utf8
한림예고 패션모델과 편입,https://kin.naver.com/qna/detail.naver?d1id=11&dirId=110405&docId=481360516&qb=67Cc7ZGcIOykgOu5hA==&enc=utf8
고1 수의사진로 동아리,https://kin.naver.com/qna/detail.naver?d1id=11&dirId=11050403&docId=482957357&qb=67Cc7ZGcIOykgOu5hA==&enc=utf8
미대 세특,https://kin.naver.com/qna/detail.naver?d1id=1&dirId=1070401&docId=482956153&qb=67Cc7ZGcIOykgOu5hA==&enc=utf8
2026 의대증원,https://kin.naver.com/qna/detail.naver?d1id=11&dirId=110408&docId=482972852&qb=67Cc7ZGcIOykgOu5hA==&enc=utf8
대구과학영재고등학교 질문,https://kin.naver.com/qna/detail.naver?d1id=11&dirId=111602&docId=482955665&qb=67Cc7ZGcIOykgOu5hA==&enc=utf8
중3 부반장 공약 추천 급함!!,https://kin.naver.com/qna/detail.naver?d1id=3&dirId=31402&docId=482952225&qb=67Cc7ZGcIOykgOu5hA==&enc=utf8
일본 미대 입시,https://kin.naver.com/qna/detail.naver?d1id=11&dirId=11050405&docId=482949530&qb=67Cc7ZGcIOykgOu5hA==&enc=utf8
영어권 문화 주제,https://kin.naver.com/qna/detail.naver?d1id=11&dirId=11050405&docId=482948746&qb=67Cc7ZGcIOykgOu5hA==&enc=utf8
국경없는의사회 채용 준비하는데,https://kin.naver.com/qna/detail.naver?d1id=3&dirId=31504&docId=482973502&qb=67Cc7ZGcIOykgOu5hA==&enc=utf8
전남예술고등학교 원서,https://kin.naver.com/qna/detail.naver?d1id=11&dirId=110208&docId=482944468&qb=67Cc7ZGcIOykgOu5hA==&enc=utf8
대학생 신입생인데요 레포트랑ppt잘쓰는법,https://kin.naver.com/qna/detail.naver?d1id=11&dirId=110502&docId=482929358&qb=67Cc7ZGcIOykgOu5hA==&enc=utf8
전국학생과학발명품경진대회 질문?,https://kin.naver.com/qna/detail.naver?d1id=11&dirId=1132&docId=482942757&qb=67Cc7ZGcIOykgOu5hA==&enc=utf8
자퇴 관련 고민,https://kin.naver.com/qna/detail.naver?d1id=11&dirId=110407&docId=482940756&qb=67Cc7ZGcIOykgOu5hA==&enc=utf8
나스닥100 전망,https://kin.naver.com/qna/detail.naver?d1id=4&dirId=40102&docId=482971507&qb=67Cc7ZGcIOykgOu5hA==&enc=utf8
나희덕-땅끝 발표 주제 선정,https://kin.naver.com/qna/detail.naver?d1id=3&dirId=307&docId=482938738&qb=67Cc7ZGcIOykgOu5hA==&enc=utf8
반장선거 연설 준비 질문!,https://kin.naver.com/qna/detail.naver?d1id=6&dirId=607&docId=482904514&qb=67Cc7ZGcIOykgOu5hA==&enc=utf8
만다라트 발표,https://kin.naver.com/qna/detail.naver?d1id=2&dirId=2011604&docId=482932837&qb=67Cc7ZGcIOykgOu5hA==&enc=utf8
파충류 동아리 면접,https://kin.naver.com/qna/detail.naver?d1id=8&dirId=80801&docId=482932265&qb=67Cc7ZGcIOykgOu5hA==&enc=utf8
고 1 통합과학 발표주제,https://kin.naver.com/qna/detail.naver?d1id=11&dirId=110304&docId=482931808&qb=67Cc7ZGcIOykgOu5hA==&enc=utf8
고1 반장선거 공약,https://kin.naver.com/qna/detail.naver?d1id=6&dirId=607&docId=482912995&qb=67Cc7ZGcIOykgOu5hA==&enc=utf8
사범대 지망 학생 도서,https://kin.naver.com/qna/detail.naver?d1id=11&dirId=1105&docId=482917117&qb=67Cc7ZGcIOykgOu5hA==&enc=utf8
사범대 지망 학생 도서,https://kin.naver.com/qna/detail.naver?d1id=11&dirId=1104&docId=482917103&qb=67Cc7ZGcIOykgOu5hA==&enc=utf8
사범대 지망 학생 도서,https://kin.naver.com/qna/detail.naver?d1id=11&dirId=110408&docId=482917087&qb=67Cc7ZGcIOykgOu5hA==&enc=utf8
고등학교 검정고시,https://kin.naver.com/qna/detail.naver?d1id=11&dirId=110408&docId=482916365&qb=67Cc7ZGcIOykgOu5hA==&enc=utf8
주린이... 현재 미국주식 모으기 상담 좀요.,https://kin.naver.com/qna/detail.naver?d1id=4&dirId=40102&docId=482970139&qb=67Cc7ZGcIOykgOu5hA==&enc=utf8
고등학교 동아리,https://kin.naver.com/qna/detail.naver?d1id=11&dirId=11050404&docId=482914603&qb=67Cc7ZGcIOykgOu5hA==&enc=utf8
과학 탐구 계획서,https://kin.naver.com/qna/detail.naver?d1id=11&dirId=110304&docId=482890991&qb=67Cc7ZGcIOykgOu5hA==&enc=utf8
etoos 이지영,https://kin.naver.com/qna/detail.naver?d1id=11&dirId=11080106&docId=482887096&qb=67Cc7ZGcIOykgOu5hA==&enc=utf8
역세권 청년주택 신청방법 전문가 및 현입주자님께 질문...,https://kin.naver.com/qna/detail.naver?d1id=6&dirId=60202&docId=406104048&qb=67Cc7ZGcIOykgOu5hA==&enc=utf8
일본 유학 가고싶어요!!,https://kin.naver.com/qna/detail.naver?d1id=11&dirId=11080407&docId=482960205&qb=67Cc7ZGcIOykgOu5hA==&enc=utf8
현실적으로 지방ㅈ반고에서 인서울..,https://kin.naver.com/qna/detail.naver?d1id=11&dirId=110408&docId=482957097&qb=67Cc7ZGcIOykgOu5hA==&enc=utf8
중2 1학기 학급회장선거,https://kin.naver.com/qna/detail.naver?d1id=6&dirId=607&docId=482898468&qb=67Cc7ZGcIOykgOu5hA==&enc=utf8
자동차 사고 휴업손해,https://kin.naver.com/qna/detail.naver?d1id=6&dirId=60213&docId=482961784&qb=67Cc7ZGcIOykgOu5hA==&enc=utf8
트럼프와 파월의 어떤 발언때문에 나스닥이...,https://kin.naver.com/qna/detail.naver?d1id=4&dirId=409&docId=482962487&qb=67Cc7ZGcIOykgOu5hA==&enc=utf8
수능특강 영어 발표 좀 도와주세여ㅠㅜㅜㅠ,https://kin.naver.com/qna/detail.naver?d1id=11&dirId=11080308&docId=482960552&qb=67Cc7ZGcIOykgOu5hA==&enc=utf8
호주 유학 질문,https://kin.naver.com/qna/detail.naver?d1id=11&dirId=110601&docId=482930684&qb=67Cc7ZGcIOykgOu5hA==&enc=utf8
넥타이에 관한 꿈,https://kin.naver.com/qna/detail.naver?d1id=8&dirId=80507&docId=482963944&qb=67Cc7ZGcIOykgOu5hA==&enc=utf8
고등학교 과학 동아리 활동,https://kin.naver.com/qna/detail.naver?d1id=11&dirId=110304&docId=482958139&qb=67Cc7ZGcIOykgOu5hA==&enc=utf8
롤 패치노트 미리보는 사이트?,https://kin.naver.com/qna/detail.naver?d1id=2&dirId=20132&docId=482960157&qb=67Cc7ZGcIOykgOu5hA==&enc=utf8
고1 공부하는 방법,https://kin.naver.com/qna/detail.naver?d1id=11&dirId=1104&docId=482960625&qb=67Cc7ZGcIOykgOu5hA==&enc=utf8
현재 정치상황,https://kin.naver.com/qna/detail.naver?d1id=6&dirId=61404&docId=482961684&qb=67Cc7ZGcIOykgOu5hA==&enc=utf8
재수 편입 고민됩니다,https://kin.naver.com/qna/detail.naver?d1id=11&dirId=1107&docId=481930645&qb=67Cc7ZGcIOykgOu5hA==&enc=utf8
동아리 면접..,https://kin.naver.com/qna/detail.naver?d1id=11&dirId=110407&docId=482959435&qb=67Cc7ZGcIOykgOu5hA==&enc=utf8
모범납세자 확인 관련,https://kin.naver.com/qna/detail.naver?d1id=4&dirId=40307&docId=466143054&qb=67Cc7ZGcIOykgOu5hA==&enc=utf8
맥북 ㄷ 아이패드,https://kin.naver.com/qna/detail.naver?d1id=1&dirId=1010701&docId=482937739&qb=67Cc7ZGcIOykgOu5hA==&enc=utf8
안티 진지해지다.,https://kin.naver.com/qna/detail.naver?d1id=6&dirId=60901&docId=62303304&qb=67Cc7ZGcIOykgOu5hA==&enc=utf8
스님이 저보고 이쁘다,https://kin.naver.com/qna/detail.naver?d1id=6&dirId=60903&docId=482953381&qb=67Cc7ZGcIOykgOu5hA==&enc=utf8
소방공무원은,https://kin.naver.com/qna/detail.naver?d1id=4&dirId=40601&docId=482918535&qb=67Cc7ZGcIOykgOu5hA==&enc=utf8
고등학교 1학년 반장선거에서 춤추는게 맞나요?,https://kin.naver.com/qna/detail.naver?d1id=6&dirId=60703&docId=482943676&qb=67Cc7ZGcIOykgOu5hA==&enc=utf8
말더듬 고치는 법,https://kin.naver.com/qna/detail.naver?d1id=7&dirId=70109&docId=482944896&qb=67Cc7ZGcIOykgOu5hA==&enc=utf8
속기사 자격증 과정에 질문 있습니다.,https://kin.naver.com/qna/detail.naver?d1id=4&dirId=40601&docId=482936106&qb=67Cc7ZGcIOykgOu5hA==&enc=utf8
맥북에어 m3 사기 VS 맥북에어 m4 기다렸다 사기,https://kin.naver.com/qna/detail.naver?d1id=1&dirId=10303&docId=474269599&qb=67Cc7ZGcIOykgOu5hA==&enc=utf8
2028 대학 입시 질문,https://kin.naver.com/qna/detail.naver?d1id=11&dirId=110602&docId=482849247&qb=67Cc7ZGcIOykgOu5hA==&enc=utf8
데스크탑구입문의,https://kin.naver.com/qna/detail.naver?d1id=1&dirId=10101&docId=482943752&qb=67Cc7ZGcIOykgOu5hA==&enc=utf8
제발 오늘 안에 빨리 답장해주세요..,https://kin.naver.com/qna/detail.naver?d1id=2&dirId=213&docId=482943757&qb=67Cc7ZGcIOykgOu5hA==&enc=utf8
3월달 부터 청소년 불법도박 안잡나요?,https://kin.naver.com/qna/detail.naver?d1id=6&dirId=602060402&docId=464794346&qb=67Cc7ZGcIOykgOu5hA==&enc=utf8
파문관련 급질입니다. 가톨릭 지식이 많은 분 대답 좀...,https://kin.naver.com/qna/detail.naver?d1id=6&dirId=60902&docId=48032757&qb=67Cc7ZGcIOykgOu5hA==&enc=utf8
고등학교 내신과 토플 병행 가능할까요?,https://kin.naver.com/qna/detail.naver?d1id=11&dirId=110602&docId=482939181&qb=67Cc7ZGcIOykgOu5hA==&enc=utf8
무대공포증 치료 극복 어떡하죠?(청주 무대공포증),https://kin.naver.com/qna/detail.naver?d1id=7&dirId=70305&docId=482940579&qb=67Cc7ZGcIOykgOu5hA==&enc=utf8
나주메세지를 유포하고 다니시는 교우님에 대해서..,https://kin.naver.com/qna/detail.naver?d1id=6&dirId=60902&docId=61308103&qb=67Cc7ZGcIOykgOu5hA==&enc=utf8
"한국펫고등학교, 특별화전형",https://kin.naver.com/qna/detail.naver?d1id=11&dirId=110308&docId=482320249&qb=67Cc7ZGcIOykgOu5hA==&enc=utf8
알바 면접 연락 말인데요,https://kin.naver.com/qna/detail.naver?d1id=4&dirId=40611&docId=482926486&qb=67Cc7ZGcIOykgOu5hA==&enc=utf8
면접 합격자 연락,https://kin.naver.com/qna/detail.naver?d1id=4&dirId=406&docId=482927368&qb=67Cc7ZGcIOykgOu5hA==&enc=utf8
"농업과 수I,수II",https://kin.naver.com/qna/detail.naver?d1id=11&dirId=11050403&docId=482938567&qb=67Cc7ZGcIOykgOu5hA==&enc=utf8
7~8분정도 발표하는데 글 몇자정도 써야할까요?,https://kin.naver.com/qna/detail.naver?d1id=11&dirId=110407&docId=482937948&qb=67Cc7ZGcIOykgOu5hA==&enc=utf8
컴활 2급 실기 합격 발표 날짜,https://kin.naver.com/qna/detail.naver?d1id=1&dirId=1020204&docId=482936104&qb=67Cc7ZGcIOykgOu5hA==&enc=utf8
대학원 현실적인 조언 부탁드려요,https://kin.naver.com/qna/detail.naver?d1id=11&dirId=11050403&docId=482913931&qb=67Cc7ZGcIOykgOu5hA==&enc=utf8
호주 대학 편입,https://kin.naver.com/qna/detail.naver?d1id=8&dirId=80106&docId=444496819&qb=67Cc7ZGcIOykgOu5hA==&enc=utf8
반장선거 좀 쩌는 끝말좀 plz ㅠ,https://kin.naver.com/qna/detail.naver?d1id=1&dirId=10905&docId=482935666&qb=67Cc7ZGcIOykgOu5hA==&enc=utf8
아래의 영어기사를 번역해 주세요,https://kin.naver.com/qna/detail.naver?d1id=11&dirId=11080304&docId=482934464&qb=67Cc7ZGcIOykgOu5hA==&enc=utf8
중소기업 사무직,https://kin.naver.com/qna/detail.naver?d1id=4&dirId=40610&docId=482931829&qb=67Cc7ZGcIOykgOu5hA==&enc=utf8
고등학교 화학동아리 지원동기 및 면접,https://kin.naver.com/qna/detail.naver?d1id=11&dirId=110404&docId=482820456&qb=67Cc7ZGcIOykgOu5hA==&enc=utf8
퀀트바인 이거 너무 사기같은데 사기맞죠,https://kin.naver.com/qna/detail.naver?d1id=4&dirId=40102&docId=482902355&qb=67Cc7ZGcIOykgOu5hA==&enc=utf8
퀀트바인 투자 사기인가요?,https://kin.naver.com/qna/detail.naver?d1id=6&dirId=602060402&docId=481692949&qb=67Cc7ZGcIOykgOu5hA==&enc=utf8
중학교 뮤지컬 동아리는 어케 하면 되나요?,https://kin.naver.com/qna/detail.naver?d1id=11&dirId=110208&docId=482907487&qb=67Cc7ZGcIOykgOu5hA==&enc=utf8
서공예 꼭 가고싶은데 어떻게 해야할까요?,https://kin.naver.com/qna/detail.naver?d1id=11&dirId=110411&docId=482905858&qb=67Cc7ZGcIOykgOu5hA==&enc=utf8
필리프 4세와 보니 파키우스 8세 교황,https://kin.naver.com/qna/detail.naver?d1id=9&dirId=9020302&docId=482905478&qb=67Cc7ZGcIOykgOu5hA==&enc=utf8
별헤는 밤 윤동주 수행평가,https://kin.naver.com/qna/detail.naver?d1id=3&dirId=30702&docId=482917724&qb=67Cc7ZGcIOykgOu5hA==&enc=utf8
자격증 면제 과목 질문,https://kin.naver.com/qna/detail.naver?d1id=11&dirId=1118&docId=482932199&qb=67Cc7ZGcIOykgOu5hA==&enc=utf8
나주 성모와 관련한 사목적 권고,https://kin.naver.com/qna/detail.naver?d1id=6&dirId=60902&docId=61894362&qb=67Cc7ZGcIOykgOu5hA==&enc=utf8
나주 성모님 발현을 어떻게 보시나요?,https://kin.naver.com/qna/detail.naver?d1id=6&dirId=60902&docId=166634562&qb=67Cc7ZGcIOykgOu5hA==&enc=utf8
중학교 방송부 면접 질문,https://kin.naver.com/qna/detail.naver?d1id=11&dirId=110208&docId=482899987&qb=67Cc7ZGcIOykgOu5hA==&enc=utf8
고3 군대와 환경의 연관성,https://kin.naver.com/qna/detail.naver?d1id=6&dirId=611&docId=482927886&qb=67Cc7ZGcIOykgOu5hA==&enc=utf8
창체시간에 만들거 추천해주세요,https://kin.naver.com/qna/detail.naver?d1id=3&dirId=31303&docId=482898285&qb=67Cc7ZGcIOykgOu5hA==&enc=utf8
유치원 교사 고등학생 동아리,https://kin.naver.com/qna/detail.naver?d1id=11&dirId=110102&docId=482898086&qb=67Cc7ZGcIOykgOu5hA==&enc=utf8
고등학교 커트라인,https://kin.naver.com/qna/detail.naver?d1id=11&dirId=110308&docId=482895980&qb=67Cc7ZGcIOykgOu5hA==&enc=utf8
충북대 검정고시 최저,https://kin.naver.com/qna/detail.naver?d1id=11&dirId=11050403&docId=482895440&qb=67Cc7ZGcIOykgOu5hA==&enc=utf8
과학 동아리 관련하여 너무 급해요!!,https://kin.naver.com/qna/detail.naver?d1id=3&dirId=31302&docId=482895329&qb=67Cc7ZGcIOykgOu5hA==&enc=utf8
급해요 ㅠㅠ 제발 ㅠㅠㅠㅠ,https://kin.naver.com/qna/detail.naver?d1id=11&dirId=11050405&docId=482893826&qb=67Cc7ZGcIOykgOu5hA==&enc=utf8
자퇴후 수시,https://kin.naver.com/qna/detail.naver?d1id=11&dirId=110502&docId=482892894&qb=67Cc7ZGcIOykgOu5hA==&enc=utf8
부동산 임장크루족 업무방해죄 해당되나요?,https://kin.naver.com/qna/detail.naver?d1id=1&dirId=1060101&docId=482892290&qb=67Cc7ZGcIOykgOu5hA==&enc=utf8
영어 교사 동아리 추천,https://kin.naver.com/qna/detail.naver?d1id=11&dirId=11080301&docId=482891536&qb=67Cc7ZGcIOykgOu5hA==&enc=utf8
제가 인스타 팔로워 이벤트를 하는데,https://kin.naver.com/qna/detail.naver?d1id=1&dirId=1061203&docId=482887390&qb=67Cc7ZGcIOykgOu5hA==&enc=utf8
인천글로벌캠퍼스,https://kin.naver.com/qna/detail.naver?d1id=11&dirId=110408&docId=482885711&qb=67Cc7ZGcIOykgOu5hA==&enc=utf8
창원이혼전문변호사 이혼상담 받아보신분?,https://kin.naver.com/qna/detail.naver?d1id=6&dirId=60204&docId=482914952&qb=67Cc7ZGcIOykgOu5hA==&enc=utf8
중학교 자퇴 고등학교 입시,https://kin.naver.com/qna/detail.naver?d1id=11&dirId=110308&docId=482882059&qb=67Cc7ZGcIOykgOu5hA==&enc=utf8
공원이 일상생활에 미치는 영향 알려주세요!!,https://kin.naver.com/qna/detail.naver?d1id=13&dirId=1301&docId=482927943&qb=67Cc7ZGcIOykgOu5hA==&enc=utf8
정치 외교 관련 도서 추천,https://kin.naver.com/qna/detail.naver?d1id=11&dirId=1127&docId=482870743&qb=67Cc7ZGcIOykgOu5hA==&enc=utf8
경영학과 교과 학종,https://kin.naver.com/qna/detail.naver?d1id=11&dirId=110408&docId=482920449&qb=67Cc7ZGcIOykgOu5hA==&enc=utf8
고졸 검정고시 접수방법,https://kin.naver.com/qna/detail.naver?d1id=11&dirId=1121&docId=482925257&qb=67Cc7ZGcIOykgOu5hA==&enc=utf8
Adhd검사우울증,https://kin.naver.com/qna/detail.naver?d1id=7&dirId=70109&docId=482895186&qb=67Cc7ZGcIOykgOu5hA==&enc=utf8
대학교 1학년 소방공무원 준비,https://kin.naver.com/qna/detail.naver?d1id=4&dirId=40601&docId=482909485&qb=67Cc7ZGcIOykgOu5hA==&enc=utf8
소방 공시 준비 질문,https://kin.naver.com/qna/detail.naver?d1id=4&dirId=40601&docId=482735468&qb=67Cc7ZGcIOykgOu5hA==&enc=utf8
고1 건축 진로는 어떡하나요?,https://kin.naver.com/qna/detail.naver?d1id=11&dirId=1119&docId=482910158&qb=67Cc7ZGcIOykgOu5hA==&enc=utf8
건축설계 취업 면접 1분 자기소개 피드백 부탁드립니다!,https://kin.naver.com/qna/detail.naver?d1id=4&dirId=406&docId=482840838&qb=67Cc7ZGcIOykgOu5hA==&enc=utf8
일본 대학교 유학 관련 질문,https://kin.naver.com/qna/detail.naver?d1id=11&dirId=1106&docId=482890604&qb=67Cc7ZGcIOykgOu5hA==&enc=utf8
일본 대학교 관련 질문,https://kin.naver.com/qna/detail.naver?d1id=11&dirId=1106&docId=482891182&qb=67Cc7ZGcIOykgOu5hA==&enc=utf8
학교 친구들 만나기가 너무 싫고 무서워요,https://kin.naver.com/qna/detail.naver?d1id=7&dirId=70109&docId=482921592&qb=67Cc7ZGcIOykgOu5hA==&enc=utf8
고1 주제탐구 자발적으로 하는건가요,https://kin.naver.com/qna/detail.naver?d1id=11&dirId=110404&docId=482921432&qb=67Cc7ZGcIOykgOu5hA==&enc=utf8
중3부반장선거 공약 알려주세요,https://kin.naver.com/qna/detail.naver?d1id=11&dirId=110307&docId=482918062&qb=67Cc7ZGcIOykgOu5hA==&enc=utf8
일을더해야될까요?,https://kin.naver.com/qna/detail.naver?d1id=8&dirId=814&docId=482917197&qb=67Cc7ZGcIOykgOu5hA==&enc=utf8
일본 국비 유학에 대해 알고 싶습니다,https://kin.naver.com/qna/detail.naver?d1id=11&dirId=110602&docId=482915940&qb=67Cc7ZGcIOykgOu5hA==&enc=utf8
남 앞에서 설 수 있는 법 알려주세요..,https://kin.naver.com/qna/detail.naver?d1id=7&dirId=70109&docId=482912876&qb=67Cc7ZGcIOykgOu5hA==&enc=utf8
의대 (의예과) 목표로하는 고1 질문,https://kin.naver.com/qna/detail.naver?d1id=4&dirId=40602&docId=482912697&qb=67Cc7ZGcIOykgOu5hA==&enc=utf8
생기부 채우는 방법,https://kin.naver.com/qna/detail.naver?d1id=11&dirId=110308&docId=482911527&qb=67Cc7ZGcIOykgOu5hA==&enc=utf8
피피티발표,https://kin.naver.com/qna/detail.naver?d1id=1&dirId=1010701&docId=482907896&qb=67Cc7ZGcIOykgOu5hA==&enc=utf8
"중학교 방송부 면접 예상 질문, 그에 대한 답변",https://kin.naver.com/qna/detail.naver?d1id=13&dirId=130402&docId=482907448&qb=67Cc7ZGcIOykgOu5hA==&enc=utf8
반장선거 공약 좀 도와주세요,https://kin.naver.com/qna/detail.naver?d1id=11&dirId=110407&docId=482907132&qb=67Cc7ZGcIOykgOu5hA==&enc=utf8
부반장 선거 했는데 넘 억울해요,https://kin.naver.com/qna/detail.naver?d1id=11&dirId=1103&docId=482905671&qb=67Cc7ZGcIOykgOu5hA==&enc=utf8
반장 공약좀 추천해주세요 많이많이 답변 남겨주세요,https://kin.naver.com/qna/detail.naver?d1id=3&dirId=3010101&docId=482905794&qb=67Cc7ZGcIOykgOu5hA==&enc=utf8
간호사 책 추천,https://kin.naver.com/qna/detail.naver?d1id=11&dirId=11050403&docId=482732605&qb=67Cc7ZGcIOykgOu5hA==&enc=utf8
생기부 채우는법,https://kin.naver.com/qna/detail.naver?d1id=11&dirId=110408&docId=482904030&qb=67Cc7ZGcIOykgOu5hA==&enc=utf8
나니와 요도가와 불꽃축제 티켓팅방법,https://kin.naver.com/qna/detail.naver?d1id=9&dirId=9020101&docId=482855356&qb=67Cc7ZGcIOykgOu5hA==&enc=utf8
초등학교 6학년 반장선거 멘트,https://kin.naver.com/qna/detail.naver?d1id=13&dirId=130107&docId=482903802&qb=67Cc7ZGcIOykgOu5hA==&enc=utf8
간호학과 세특,https://kin.naver.com/qna/detail.naver?d1id=11&dirId=11050403&docId=482850117&qb=67Cc7ZGcIOykgOu5hA==&enc=utf8
영화연출과 입시 생각하는 고2입니다,https://kin.naver.com/qna/detail.naver?d1id=3&dirId=3031002&docId=482900640&qb=67Cc7ZGcIOykgOu5hA==&enc=utf8
중학교 반장 선거 공약 추천,https://kin.naver.com/qna/detail.naver?d1id=13&dirId=130107&docId=482900264&qb=67Cc7ZGcIOykgOu5hA==&enc=utf8
노인의 심리와 연관지을 수 있는 책,https://kin.naver.com/qna/detail.naver?d1id=11&dirId=1130&docId=482883187&qb=67Cc7ZGcIOykgOu5hA==&enc=utf8
영화과 입시 준비,https://kin.naver.com/qna/detail.naver?d1id=3&dirId=3031002&docId=482893945&qb=67Cc7ZGcIOykgOu5hA==&enc=utf8
재경관리사 시험 감독관서명,https://kin.naver.com/qna/detail.naver?d1id=4&dirId=40402&docId=482894770&qb=67Cc7ZGcIOykgOu5hA==&enc=utf8
승무원 진로,https://kin.naver.com/qna/detail.naver?d1id=11&dirId=113101&docId=482869861&qb=67Cc7ZGcIOykgOu5hA==&enc=utf8
고2 자퇴,https://kin.naver.com/qna/detail.naver?d1id=11&dirId=110408&docId=482891131&qb=67Cc7ZGcIOykgOu5hA==&enc=utf8
과학탐구 실험에서 귀납적 탐구,https://kin.naver.com/qna/detail.naver?d1id=11&dirId=111602&docId=482868822&qb=67Cc7ZGcIOykgOu5hA==&enc=utf8
몽골 비잔틴 그리고 서유럽,https://kin.naver.com/qna/detail.naver?d1id=11&dirId=111002&docId=482875165&qb=67Cc7ZGcIOykgOu5hA==&enc=utf8
"경영학과 생기부, 동아리",https://kin.naver.com/qna/detail.naver?d1id=11&dirId=11050402&docId=482867891&qb=67Cc7ZGcIOykgOu5hA==&enc=utf8
키움증권에서 메리츠증권으로 달러 or 미국주식 이동,https://kin.naver.com/qna/detail.naver?d1id=4&dirId=40102&docId=482833203&qb=67Cc7ZGcIOykgOu5hA==&enc=utf8
진로관련 발표 학과를 적어야하나 직업을 적어야하나,https://kin.naver.com/qna/detail.naver?d1id=11&dirId=110408&docId=482866255&qb=67Cc7ZGcIOykgOu5hA==&enc=utf8
2022 개정 교육과정,https://kin.naver.com/qna/detail.naver?d1id=11&dirId=110405&docId=482863708&qb=67Cc7ZGcIOykgOu5hA==&enc=utf8
학교 영어 수업 공포증..,https://kin.naver.com/qna/detail.naver?d1id=11&dirId=11080308&docId=482889000&qb=67Cc7ZGcIOykgOu5hA==&enc=utf8
외고준비생 선행,https://kin.naver.com/qna/detail.naver?d1id=11&dirId=110408&docId=482860786&qb=67Cc7ZGcIOykgOu5hA==&enc=utf8
